"X","Y","Label"
0.2655086631421,0.526019062381238,1
0.37212389963679,0.0733354249969125,1
0.572853363351896,0.849741751793772,1
0.908207789994776,0.423058009007946,0
0.201681931037456,0.988096073037013,0
0.898389684967697,0.478874128777534,0
0.944675268605351,0.905694005545229,0
0.660797792486846,0.0185059309005737,1
0.62911404389888,0.192143822088838,1
0.0617862704675645,0.384307020576671,0
0.205974574899301,0.307436424074695,0
0.176556752528995,0.528291253373027,0
0.687022846657783,0.72822568169795,1
0.384103718213737,0.953556534368545,1
0.769841419998556,0.495994127122685,0
0.497699242085218,0.132017247145995,1
0.717618508264422,0.608468755614012,1
0.991906094830483,0.991868579527363,0
0.380035179434344,0.0947096680756658,1
0.777445221319795,0.895283457124606,0
0.934705231105909,0.334860897623003,0
0.212142521282658,0.472178465919569,0
0.651673766085878,0.177117969840765,1
0.125555095961317,0.351655028294772,0
0.267220668727532,0.176559115527198,1
0.386114092543721,0.653045778162777,1
0.0133903331588954,0.236101077171043,0
0.382387957070023,0.897164004389197,1
0.86969084572047,0.339147608028725,0
0.34034899668768,0.92379611171782,1
0.482080115471035,0.497738852631301,1
0.599565825425088,0.569841379532591,1
0.493541307048872,0.736779738916084,1
0.186217601411045,0.214827520074323,0
0.827373318606988,0.305312757613137,0
0.668466738192365,0.863499861210585,1
0.79423986072652,0.195720054209232,0
0.107943625887856,0.850945501588285,0
0.723710946040228,0.946970957797021,1
0.411274429643527,0.274561112048104,1
0.820946294115856,0.839856049511582,0
0.647060193819925,0.143855765694752,1
0.78293276228942,0.757050371263176,0
0.553036311641335,0.446126565570012,1
0.529719580197707,0.955431776354089,1
0.789356231689453,0.635325060458854,0
0.023331202333793,0.164100986905396,0
0.477230065036565,0.406969435280189,1
0.7323137386702,0.979760026792064,1
0.692731556482613,0.146939058788121,1
0.477619622135535,0.889985184883699,1
0.8612094768323,0.196703487541527,0
0.438097107224166,0.620587071869522,1
0.244797277031466,0.792540993075818,0
0.0706790471449494,0.73379553668201,0
0.0994661601725966,0.751720339525491,0
0.31627170718275,0.524456359213218,1
0.518634263193235,0.629951623501256,1
0.662005076417699,0.455877244705334,1
0.406830187188461,0.254004830028862,1
0.912875924259424,0.0574859934858978,0
0.293603372760117,0.435303197940812,1
0.459065726259723,0.771134980488569,1
0.332394674187526,0.129155446076766,1
0.65087046707049,0.983916262863204,1
0.258016780717298,0.814176932908595,1
0.478545248275623,0.981680901022628,1
0.766310670645908,0.0363396902102977,0
0.0842469143681228,0.567414059303701,0
0.875321330036968,0.401718270266429,0
0.339072937844321,0.457046317867935,1
0.839440350187942,0.403324390063062,0
0.34668348915875,0.57220648182556,1
0.333774930797517,0.260250953026116,1
0.476351245073602,0.874087562551722,1
0.892198335845023,0.993087251903489,0
0.864339470630512,0.930202217539772,0
0.389989543473348,0.986528045032173,1
0.777320698834956,0.658342666225508,0
0.960617997217923,0.302385349525139,0
0.434659484773874,0.867420181864873,1
0.712514678714797,0.671259561087936,1
0.399994368897751,0.489199620904401,1
0.325352151878178,0.6285839099437,1
0.757087148027495,0.690660070860758,0
0.202692255144939,0.672291485359892,0
0.711121222469956,0.882117749424651,1
0.121691921027377,0.687738198088482,0
0.245488513959572,0.999863459262997,0
0.14330437942408,0.25053632655181,0
0.239629415096715,0.478466552915052,0
0.0589343772735447,0.0151006982196122,0
0.642288258532062,0.252019782550633,1
0.876269212691113,0.326658140635118,0
0.778914677444845,0.672132012201473,0
0.79730882588774,0.748441303847358,0
0.455274453619495,0.342435503611341,1
0.410084082046524,0.280259827850387,1
0.810870242770761,0.737378113903105,0
0.604933290276676,0.62696939567104,1
0.654723928077146,0.63354170625098,1
0.353197271935642,0.215981491142884,1
0.270260145887733,0.905941029312089,1
0.99268406117335,0.586245939601213,0
0.633493264438584,0.168583858758211,1
0.213208135217428,0.683197691803798,0
0.129372348077595,0.113990662852302,0
0.478118034312502,0.527885041665286,1
0.924074469832703,0.941509603289887,0
0.59876096714288,0.148946444038302,1
0.976170694921166,0.589121523778886,0
0.731792511884123,0.878276449628174,1
0.356726912083104,0.178157206624746,1
0.431473690550774,0.47083354764618,1
0.148211560677737,0.141462349332869,0
0.0130775754805654,0.0993826135527343,0
0.715566066093743,0.290351454168558,1
0.103184235747904,0.245475998381153,0
0.446284348610789,0.722559324000031,1
0.640101045137271,0.53627455397509,1
0.991838620044291,0.299001172650605,0
0.495593577856198,0.199700410012156,1
0.484349524369463,0.910177063662559,1
0.173442334868014,0.0329712047241628,0
0.754820944508538,0.596324425190687,0
0.453895489219576,0.15090500889346,1
0.511169783771038,0.577648263191804,1
0.207545113284141,0.454476653132588,0
0.228658142732456,0.493808774044737,0
0.595711996313184,0.526207120390609,1
0.57487219828181,0.383012889884412,1
0.0770643802825361,0.928897896083072,0
0.0355405795853585,0.433417851105332,0
0.642795492196456,0.244762477930635,1
0.928615199634805,0.876257271505892,0
0.598092422354966,0.182659917743877,1
0.560900748008862,0.0903237543534487,1
0.526027723914012,0.23915986972861,1
0.985095223877579,0.861430489923805,0
0.507641822332516,0.832555507542565,1
0.682788078673184,0.362912645563483,1
0.601541217649356,0.187907135579735,1
0.238868677755818,0.768745967419818,0
0.258165926672518,0.440788447391242,1
0.729309623362496,0.476709238486364,1
0.452570831403136,0.980656960047781,1
0.175126768415794,0.0891814369242638,0
0.746698269620538,0.0973854917101562,1
0.104987640399486,0.635668759932742,0
0.864544949028641,0.19853898906149,0
0.614644971676171,0.261605151230469,1
0.557159538846463,0.318762333597988,1
0.328777319053188,0.869576696539298,1
0.453131445450708,0.0520885842852294,1
0.500440972624347,0.203910853713751,1
0.180866361130029,0.572258583270013,0
0.529630602803081,0.0369057455100119,1
0.0752757457084954,0.018092263257131,0
0.277755932649598,0.196549722459167,1
0.212699519237503,0.340977491578087,0
0.284790480975062,0.283653292106465,1
0.895094102947041,0.186334068421274,0
0.4462353233248,0.204421713249758,1
0.779984889784828,0.231853017117828,0
0.880619034869596,0.406101839616895,0
0.413124209502712,0.867169511504471,1
0.0638084805104882,0.275812620762736,0
0.335487491684034,0.752554503967986,1
0.723725946620107,0.340630786726251,1
0.337615333497524,0.960103333927691,1
0.630414122482762,0.628540931269526,1
0.840614554006606,0.845313196536154,0
0.856131664710119,0.122283626580611,0
0.39135928102769,0.555707331513986,1
0.380493885604665,0.776425802847371,1
0.895445425994694,0.259379373397678,0
0.644315762910992,0.498980368953198,1
0.741078648716211,0.58441674686037,1
0.605303446529433,0.484753041295335,1
0.903081611497328,0.608539856038988,0
0.293730155099183,0.0208632645662874,1
0.19126010988839,0.38279984309338,0
0.886450943304226,0.381619910942391,0
0.503339485730976,0.0674072960391641,1
0.877057543024421,0.289226401364431,0
0.189193622441962,0.764742906205356,0
0.758103052387014,0.801584762288257,0
0.724498892668635,0.204031246481463,1
0.943724818294868,0.917860072338954,0
0.547646587016061,0.102161068003625,1
0.711743867723271,0.890884600812569,1
0.388905099825934,0.513431229395792,1
0.100873126182705,0.132781761698425,0
0.927302088588476,0.337982318364084,0
0.283232500310987,0.213000355288386,1
0.59057315881364,0.82870218413882,1
0.110360604943708,0.464334379183128,0
0.840507032116875,0.33625348075293,0
0.317963684443384,0.144650358706713,1
0.782851336989552,0.868071043165401,0
0.267508207354695,0.0543226287700236,1
0.218645284883678,0.613883084617555,0
0.516796836396679,0.785630304832011,1
0.268950592027977,0.579446654533967,1
0.181168327340856,0.527169481385499,0
0.518576137488708,0.410513413604349,1
0.562782935798168,0.730523158563301,1
0.129156854469329,0.883600060595199,0
0.256367604015395,0.114475055364892,1
0.717935275984928,0.324147744104266,1
0.961409936426207,0.366757013369352,0
0.100140846567228,0.253948567667976,0
0.763222689507529,0.120749427936971,0
0.947966354666278,0.582967506255955,0
0.818634688388556,0.2034348747693,0
0.308292330708355,0.579752318561077,1
0.649579460499808,0.590647940291092,1
0.953355451114476,0.977186663541943,0
0.953732650028542,0.207538184709847,0
0.339979203417897,0.242746019270271,1
0.262474110117182,0.160246446263045,1
0.165453933179379,0.789168701507151,0
0.322168056620285,0.0957476415205747,1
0.510125206550583,0.456290248548612,1
0.923968471353874,0.0757544871885329,0
0.510959698352963,0.937549793161452,1
0.257621260825545,0.194110536715016,1
0.0464608869515359,0.71457881340757,0
0.41785625834018,0.95579069154337,1
0.854001502273604,0.741858070949093,0
0.347230677725747,0.256030270131305,1
0.131442320533097,0.612532270140946,0
0.374486864544451,0.132818012498319,1
0.631420228397474,0.18019323493354,1
0.390078933676705,0.0799355178605765,1
0.689627848798409,0.271181135671213,1
0.689413412474096,0.440128399757668,1
0.554900623159483,0.711458232719451,1
0.429624407785013,0.346787970978767,1
0.452720062807202,0.150468136416748,1
0.306443258887157,0.599506254540756,1
0.578353944001719,0.890618327539414,1
0.910370304249227,0.388700943207368,0
0.142604082124308,0.0981341134756804,0
0.415047625312582,0.807211842387915,1
0.210925750667229,0.118084280984476,0
0.428750370861962,0.764265555189922,1
0.132689975202084,0.126254325965419,0
0.460096445865929,0.854531788034365,1
0.942957059247419,0.536768707213923,0
0.761973861604929,0.596191750140861,0
0.932909828843549,0.863054233137518,0
0.470678497571498,0.867438183631748,1
0.603588067693636,0.0590932832565159,1
0.484989680582657,0.469489691546187,1
0.10880631650798,0.342481704195961,0
0.247726832982153,0.824570669326931,0
0.498514530714601,0.529290451202542,1
0.372866708086804,0.437235599849373,1
0.934691370232031,0.0564257903024554,0
0.523986077867448,0.247774575836957,1
0.317144671687856,0.39808634808287,1
0.277966029476374,0.111213281052187,1
0.787540507735685,0.421622570138425,0
0.702462512534112,0.23918923176825,1
0.165027638664469,0.850532291689888,0
0.0644575387705117,0.227025169879198,0
0.754705621628091,0.747712324839085,0
0.620410033036023,0.717718615429476,1
0.169576766667888,0.0951648713089526,0
0.0622140523046255,0.47922472585924,0
0.109029268613085,0.127142050070688,0
0.381716351723298,0.264237005030736,1
0.169310914585367,0.227041788864881,0
0.298652542056516,0.184503210475668,1
0.192209535045549,0.0172559637576342,0
0.257170021301135,0.934820265276358,1
0.181231822818518,0.121039894642308,0
0.477313709678128,0.406425643712282,1
0.770737042883411,0.789167857030407,0
0.0277871224097908,0.105868488550186,0
0.527310776989907,0.341594616649672,1
0.880319068906829,0.333594424650073,0
0.373063371982425,0.774401936912909,1
0.0479591316543519,0.537167157977819,0
0.138628246728331,0.787171488394961,0
0.321492120390758,0.797589224996045,1
0.154831611318514,0.223905894672498,0
0.132228172151372,0.466157538117841,0
0.221305927727371,0.32234396552667,0
0.226380796171725,0.544530030107126,0
0.13141653384082,0.971569425193593,0
0.981563460314646,0.149301019264385,0
0.327013726811856,0.363682809751481,1
0.506939497077838,0.787106834352016,1
0.68144251476042,0.586609131889418,1
0.0991691031958908,0.539789478061721,0
0.118902558228001,0.873886008979753,0
0.0504396595060825,0.769426584709436,0
0.929253919748589,0.450837499694899,0
0.673712232848629,0.939054067479447,1
0.0948578554671258,0.558589052874595,0
0.492596120806411,0.57100012502633,1
0.461551840649918,0.107309120241553,1
0.375216530868784,0.388762210728601,1
0.991099219536409,0.977478005457669,0
0.176350713707507,0.221451952122152,0
0.813435208518058,0.220063263550401,0
0.0684466371312737,0.282170991180465,0
0.40044974675402,0.119221175322309,1
0.141144325723872,0.180133660789579,0
0.193309862399474,0.284447416896001,0
0.841351716779172,0.644275576109067,0
0.719913988374174,0.960355026647449,1
0.267212083097547,0.071094990009442,1
0.495001644827425,0.0379184696357697,1
0.0831138978246599,0.0404609409160912,0
0.353884240612388,0.416924799326807,1
0.969208805356175,0.252264143666252,0
0.624714189674705,0.108593236422166,1
0.664618249749765,0.860879449406639,1
0.312489656498656,0.151392416795716,1
0.405689612729475,0.548879792448133,1
0.996077371528372,0.510724522871897,0
0.855082356370986,0.310565027175471,0
0.953548396006227,0.682977760676295,0
0.812305092345923,0.748439820716158,0
0.782182115828618,0.952518456615508,0
0.267878128914163,0.362614567857236,1
0.762151529546827,0.346293529728428,0
0.986311589134857,0.454230330651626,0
0.293605549028143,0.668704696698114,1
0.399351106956601,0.529091747943312,1
0.812131523853168,0.00282118795439601,0
0.0771516691893339,0.861873355694115,0
0.363696809858084,0.556885670172051,1
0.442592467181385,0.901919867144898,1
0.156714132521302,0.950325969839469,0
0.582205270184204,0.90016832225956,1
0.970162178855389,0.693946446059272,0
0.98949983343482,0.836223875638098,0
0.176452036481351,0.463188710156828,0
0.542130424408242,0.629099685000256,1
0.384303892031312,0.439100827323273,1
0.676164050819352,0.969921130919829,1
0.26929377974011,0.279548889491707,1
0.469250942347571,0.979468783829361,1
0.171800082316622,0.682925201021135,0
0.36918946239166,0.90800611441955,1
0.725405272562057,0.669978885678574,1
0.486149104312062,0.413064608583227,1
0.0638024667277932,0.931386237964034,0
0.784546229988337,0.149158932967111,0
0.418321635806933,0.0170216606929898,1
0.981018084799871,0.57650084933266,0
0.282883955864236,0.508741041412577,1
0.847882149508223,0.289366538636386,0
0.0822392308618873,0.276402591494843,0
0.886458750581369,0.608338379301131,0
0.471930730855092,0.390518135624006,1
0.109100963454694,0.290983642218634,0
0.333277984522283,0.385935724014416,1
0.837416569236666,0.82154262624681,0
0.276849841699004,0.232980050612241,1
0.587035141419619,0.985718144569546,1
0.836732269730419,0.615445851814002,0
0.0711540239863098,0.832475731614977,0
0.702778743347153,0.236615931149572,1
0.69882453721948,0.770901343319565,1
0.46396238100715,0.0587735532317311,1
0.436931110452861,0.514899645932019,1
0.562176787760109,0.861012595007196,1
0.928483226336539,0.985402142396197,0
0.230466414242983,0.396762260701507,0
0.221813754411414,0.468283585039899,0
0.420215893303975,0.420655518304557,1
0.333520805696025,0.915634844917804,1
0.864807550329715,0.482314377091825,0
0.177194535732269,0.942408323055133,0
0.49331872863695,0.124178858473897,1
0.429713366786018,0.563707939581946,1
0.564263842999935,0.731236714404076,1
0.656162315513939,0.000570522155612707,1
0.97855406277813,0.628355585271493,0
0.232161148451269,0.370726245688275,0
0.240811596158892,0.0857618749141693,0
0.796836083987728,0.676196757005528,0
0.831671715015545,0.609157745726407,0
0.113507706439123,0.0960991012398154,0
0.963312016334385,0.39890470681712,0
0.147322899661958,0.0983217679895461,0
0.143626942764968,0.794567694189027,0
0.925229935208336,0.817632554331794,0
0.507035602582619,0.405014413874596,1
0.15485101705417,0.0025872802361846,0
0.348302052123472,0.60858040349558,1
0.659821025794372,0.592336924979463,1
0.311772374436259,0.910157452803105,1
0.351573409279808,0.393951011588797,1
0.147845706902444,0.964200276881456,0
0.658877609064803,0.255093980347738,1
0.185069964500144,0.140771795995533,0
0.954378136899322,0.525254423962906,0
0.897848492022604,0.454066655598581,0
0.943697054404765,0.521722374018282,0
0.72369075124152,0.0856974001508206,1
0.370357065927237,0.597549495054409,1
0.781017540255561,0.683515642071143,0
0.011149508645758,0.54935643542558,0
0.940308712190017,0.62022546841763,0
0.993749226210639,0.296236180700362,0
0.3574057451915,0.284499722765759,1
0.747635063482448,0.601982762338594,1
0.792909023817629,0.167672119801864,0
0.705859006382525,0.917387138586491,1
0.475825038738549,0.990910422988236,1
0.494654526002705,0.747668364550918,1
0.308052448788658,0.492538609309122,1
0.695012246258557,0.932809803402051,1
0.822793305618688,0.617038996191695,0
0.434717640746385,0.391704063396901,1
0.514732652809471,0.196377992630005,1
0.663010967662558,0.720078877871856,1
0.143166586523876,0.934172073379159,0
0.344487393740565,0.692643887130544,1
0.405763582326472,0.888580930186436,1
0.0853110058233142,0.22866586712189,0
0.932571928249672,0.546568950172514,0
0.838384066708386,0.206999191548675,0
0.879433296155185,0.537049781996757,0
0.935712467646226,0.969277777243406,0
0.0724606334697455,0.803233906626701,0
0.378759440500289,0.204046824015677,1
0.537864922778681,0.400646861409768,1
0.105050138663501,0.829124875832349,0
0.801687705563381,0.441127017373219,0
0.739641745807603,0.395053243497387,1
0.052149013383314,0.0308886922430247,0
0.482169573195279,0.13586610625498,1
0.920517840655521,0.677184424130246,0
0.0415284289047122,0.0624880669638515,0
0.293991799000651,0.99753821385093,1
0.500850487267599,0.113849017070606,1
0.609748935094103,0.625332500552759,1
0.264249049592763,0.025586555711925,1
0.423098609549925,0.0687424391508102,1
0.366563616320491,0.188337299507111,1
0.942505322396755,0.800191444111988,0
0.123723565135151,0.83482421701774,0
0.0700326792430133,0.724687710637227,0
0.964317037956789,0.280629894929007,0
0.442510108230636,0.642902703024447,1
0.370272380299866,0.95878588128835,1
0.170243580127135,0.537109044613317,0
0.0541904293932021,0.431453318335116,0
0.657828069292009,0.724118740065023,1
0.578161916695535,0.174124128883705,1
0.987101763952523,0.320324381114915,0
0.603792401496321,0.387977738399059,1
0.0649499187711626,0.0544939073733985,0
0.16210908186622,0.277924564434215,0
0.475397920468822,0.7154537870083,1
0.00193283474072814,0.328546082368121,0
0.441459143068641,0.601455149007961,1
0.260929737240076,0.523920817300677,1
0.938413745490834,0.860549127915874,0
0.715833283727989,0.532769263954833,1
0.163085478357971,0.111421905225143,0
0.476188018452376,0.775893481913954,1
0.690256722969934,0.0629397972952574,1
0.460895179538056,0.70528526767157,1
0.95514673832804,0.0492558798287064,0
0.712540122447535,0.781316658947617,1
0.397147933254018,0.784139262512326,1
0.117720612091944,0.552575739799067,0
0.24011627305299,0.85510840639472,0
0.863630566513166,0.209872044855729,0
0.435976401669905,0.230055250460282,1
0.497868051985279,0.673410430550575,1
0.691927672130987,0.444783360464498,1
0.760313281789422,0.660065344534814,0
0.155401222640648,0.0778218938503414,0
0.849457093048841,0.34324827324599,0
0.946817819029093,0.807454800233245,0
0.588419190375134,0.34897535527125,1
0.502250815276057,0.0520824007689953,1
0.189779917709529,0.863282800884917,0
0.00183685822412372,0.556919454364106,0
0.877578062238172,0.909955336013809,0
0.134111337829381,0.761296632234007,0
0.0227412241511047,0.545541842700914,0
0.939136706059799,0.477882002945989,0
0.292948722839355,0.347431353293359,1
0.164326574420556,0.568207804346457,0
0.399102555820718,0.950769187184051,1
0.459575412096456,0.261379009811208,1
0.434030848555267,0.106805441435426,1
0.517009826377034,0.253757920349017,1
0.846245752647519,0.180903868051246,0
0.0551642864011228,0.531388920033351,0
0.554177061188966,0.802349541336298,1
0.688275237567723,0.47949518612586,1
0.658057553693652,0.177401563152671,1
0.663342725252733,0.397133344551548,1
0.472234202548862,0.814226992661133,1
0.969528166111559,0.941357076400891,0
0.402197062736377,0.173349933931604,1
0.849552103783935,0.354940799530596,0
0.756644907407463,0.705040041357279,0
0.532601219369099,0.959240919910371,1
0.874149660812691,0.427801409969106,0
0.467115115607157,0.135915317805484,1
0.00812845537438989,0.813741239253432,0
0.72776700463146,0.8068449604325,1
0.716589478775859,0.908110354794189,1
0.187426371034235,0.703601886983961,0
0.646067276829854,0.458796519786119,1
0.541979279834777,0.0816244133748114,1
0.335320759797469,0.730743972118944,1
0.637908723205328,0.932681515347213,1
0.829201063839719,0.0359482921194285,0
0.708975198445842,0.107039442518726,1
0.348550350870937,0.396388927707449,1
0.128327874932438,0.152283743256703,0
0.38807848887518,0.113112227525562,1
0.92817754833959,0.286152201937512,0
0.804390771314502,0.581009721849114,0
0.758696807082742,0.14162838482298,0
0.957249888917431,0.4944173397962,0
0.993913878686726,0.360284397145733,0
0.606440994655713,0.407026430824772,1
0.0293771654833108,0.281181986443698,0
0.336445357883349,0.425313429441303,1
0.277658086735755,0.463501589838415,1
0.117197550134733,0.829269654583186,0
0.0432182590011507,0.359094252577052,0
0.370309785706922,0.438799045747146,1
0.33687830879353,0.00725971511565149,1
0.173652553465217,0.968147910665721,0
0.621773279504851,0.337498082546517,1
0.397843627491966,0.0284441991243511,1
0.955675768665969,0.356542730005458,0
0.653349443105981,0.640314553165808,1
0.328743716701865,0.286633577663451,1
0.197146713500842,0.982765204971656,0
0.115342324832454,0.0823013337794691,0
0.995965478708968,0.128030818421394,0
0.379276725230739,0.263550981180742,1
0.561988092726097,0.212941627483815,1
0.732718017650768,0.946402829606086,1
0.870805552927777,0.345473791006953,0
0.572170259663835,0.405422623036429,1
0.0110360709950328,0.536541351582855,0
0.906315261265263,0.275828687706962,0
0.770653631538153,0.405671408865601,0
0.382504623383284,0.435509188333526,1
0.0940458888653666,0.322054158896208,0
0.0496535839047283,0.00343568925745785,0
0.821162318112329,0.972969073802233,0
0.829324304359034,0.112912589916959,0
0.654732875758782,0.548572195228189,1
0.132827813038602,0.872297380352393,0
0.341809901176021,0.862594560021535,1
0.731371578993276,0.610543699702248,1
0.907291416078806,0.00147809600457549,0
0.696196999400854,0.324025955284014,1
0.241579222260043,0.870443280553445,0
0.644107228610665,0.506834458792582,1
0.280750213656574,0.905239950865507,1
0.957636520732194,0.986314764944836,0
0.158395956736058,0.314687065547332,0
0.418338991701603,0.0128363075200468,1
0.252009797375649,0.411044480744749,1
0.0943902677390724,0.774080925853923,0
0.827717769658193,0.952318837866187,0
0.525305503746495,0.726365774637088,1
0.667747627478093,0.51643915916793,1
0.408277759794146,0.733954830560833,1
0.842589903390035,0.850405663717538,0
0.737305467948318,0.818386216182262,1
0.348224401008338,0.721614006441087,1
0.948938177432865,0.441471767378971,0
0.646679189987481,0.437110368395224,1
0.03527776687406,0.835935265058652,0
0.596448455704376,0.385110654402524,1
0.415318001527339,0.674415432615206,1
0.0768970381468534,0.0778185459785163,0
0.52804887923412,0.828976714517921,1
0.962333308532834,0.0162454729434103,0
0.708740051137283,0.112693230854347,1
0.553475703578442,0.491024512797594,1
0.242956608999521,0.682987052714452,0
0.778042529011145,0.606331759365276,0
0.651940943440422,0.897259657969698,1
0.830245703924447,0.307492890860885,0
0.648550947429612,0.542465554783121,1
0.479835794307292,0.735916769597679,1
0.495064105605707,0.156152101000771,1
0.379872591467574,0.682451540837064,1
0.450485437177122,0.880779490340501,1
0.814251750474796,0.366680132923648,0
0.928777225781232,0.0330144132021815,0
0.147481045220047,0.519780053058639,0
0.749821664998308,0.112714397488162,1
0.975657349685207,0.902385278139263,0
0.974792463472113,0.219971668673679,0
0.350625570164993,0.62347650132142,1
0.393949056975543,0.363139717373997,1
0.950951009057462,0.788599854335189,0
0.106648319633678,0.953639274695888,0
0.934760116506368,0.686537295812741,0
0.346162099856883,0.0109916639048606,1
0.53306060587056,0.957786793354899,1
0.538794299354777,0.49810330895707,1
0.714717949740589,0.540793451713398,1
0.405790500110015,0.059833055594936,1
0.152788141276687,0.161126879742369,0
0.340232761343941,0.757993698818609,1
0.62665484752506,0.322599776089191,1
0.0573726783040911,0.618448045104742,0
0.851667639799416,0.593928179237992,0
0.212645345833153,0.0481248337309808,0
0.539462027838454,0.39381199865602,1
0.136487586190924,0.311598118860275,0
0.324865140486509,0.432680421741679,1
0.621076293755323,0.359491006471217,1
0.255982248578221,0.746932842768729,1
0.634875798830763,0.952456215396523,1
0.485672106966376,0.219007093459368,1
0.938176916679367,0.826737035065889,0
0.857501537073404,0.0274756415747106,0
0.370883537689224,0.947684550657868,1
0.314201829954982,0.978273666463792,1
0.828534359810874,0.813566470053047,0
0.451841513160616,0.668295187875628,1
0.315878412220627,0.297704186756164,1
0.0978085375390947,0.85317975259386,0
0.0649005365557969,0.846250320551917,0
0.689457366475835,0.377476619090885,1
0.668050603941083,0.867635844741017,1
0.90454664779827,0.537293540546671,0
0.301693270448595,0.577537083765492,1
0.932808704674244,0.0156519564334303,0
0.201983017381281,0.911262489156798,0
0.792378755984828,0.639825749909505,0
0.224630508804694,0.554048931924626,0
0.0307565710972995,0.680059362435713,0
0.862034041201696,0.939961823867634,0
0.685107505181804,0.182285688119009,1
0.942074909573421,0.444765886291862,0
0.675853760447353,0.298281367635354,1
0.843120148405433,0.451972152572125,0
0.361894184956327,0.910457347054034,1
0.392365885199979,0.774058116134256,1
0.567687397589907,0.68062029290013,1
0.0951521336100996,0.62978654447943,0
0.193784071598202,0.400093509349972,0
0.588066393043846,0.0545396546367556,1
0.751504168147221,0.643974790116772,0
0.867238787235692,0.219813041388988,0
0.371795737184584,0.0890372835565358,1
0.798814549576491,0.130751208867878,0
0.0583143925759941,0.879388509085402,0
0.623435709392652,0.652040252229199,1
0.356641406659037,0.0281480583362281,1
0.587927932385355,0.131063067819923,1
0.913784642005339,0.157595142023638,0
0.199442182900384,0.473476128652692,0
0.369083623867482,0.750697880750522,1
0.671408327762038,0.840283919125795,1
0.768144550733268,0.875405560946092,0
0.522248276043683,0.0110687566921115,1
0.828075018012896,0.041569180553779,0
0.52709619468078,0.211358914151788,1
0.501754825003445,0.726182851241902,1
0.419973319862038,0.794119044905528,1
0.362298283260316,0.633692966075614,1
0.123428910272196,0.149760518921539,0
0.298161529470235,0.485927834641188,1
0.276676489738747,0.748943127924576,1
0.770225355634466,0.2656033502426,0
0.77818130212836,0.758678108453751,0
0.143787280656397,0.196006852202117,0
0.515526150586084,0.377432000823319,1
0.597240485483781,0.560318920062855,1
0.505843024002388,0.452641472686082,1
0.386099633062258,0.886163087328896,1
0.426098100841045,0.588786631124094,1
0.0117597347125411,0.0682992786169052,0
0.919331770390272,0.130542241036892,0
0.0794396931305528,0.146773063344881,0
0.507374254753813,0.86031669517979,1
0.820171616971493,0.949276015395299,0
0.5983954181429,0.896443295525387,1
0.424153526080772,0.113651731051505,1
0.559310270706192,0.793385952012613,1
0.789094472071156,0.00431777210906148,0
0.167715257965028,0.698139909654856,0
0.970451730070636,0.506966484710574,0
0.473503098357469,0.269444103119895,1
0.929743205895647,0.634649808518589,0
0.900939270388335,0.997656602412462,0
0.750882187858224,0.505074343876913,0
0.676568772410974,0.933232999639586,1
0.648013445781544,0.191208887146786,1
0.0732468697242439,0.484762544510886,0
0.423558418406174,0.634125648066401,1
0.530824364162982,0.202303132042289,1
0.942704762332141,0.429601910756901,0
0.71222455939278,0.670688453828916,1
0.724490575492382,0.821587861981243,1
0.470128617715091,0.358691193396226,1
0.120282255811617,0.618271555984393,0
0.783097670879215,0.347069602226838,0
0.438157397089526,0.755966565106064,1
0.431455979822204,0.565426904708147,1
0.0274978789966553,0.627588032977656,0
0.146561842877418,0.392214556923136,0
0.422595157986507,0.658381888410076,1
0.767137174261734,0.683106247335672,0
0.0047664453741163,0.77632555551827,0
0.603595691500232,0.767656422685832,1
0.90557726053521,0.0110934360418469,0
0.706661531934515,0.230813289992511,1
0.2625371592585,0.697714437264949,1
0.851076219463721,0.903948790160939,0
0.333605515072122,0.0889520738273859,1
0.578284267568961,0.662700216518715,1
0.432773130247369,0.641757260542363,1
0.0515953230205923,0.933884687488899,0
0.729803287889808,0.905703466618434,1
0.548170414287597,0.0282599737402052,1
0.751221985556185,0.326966211665422,0
0.0507711647078395,0.866350872209296,0
0.714966212399304,0.209497950971127,1
0.297694456763566,0.489857292966917,1
0.28347720974125,0.465626492165029,1
0.829877127427608,0.532063555205241,0
0.0863953751977533,0.943565017078072,0
0.0426571189891547,0.536258358042687,0
0.348740808898583,0.54024756886065,1
0.542336010141298,0.638817836530507,1
0.609460863517597,0.559129370842129,1
0.271372098475695,0.0611279506701976,1
0.205230931984261,0.29238359327428,0
0.38163214828819,0.483624843880534,1
0.47255811537616,0.298862256575376,1
0.835517949890345,0.533755369950086,0
0.121471496298909,0.444380736444145,0
0.675808124942705,0.792672285577282,1
0.496685219928622,0.0559837715700269,1
0.90223774779588,0.365029011154547,0
0.551263966830447,0.891417951555923,1
0.12856467650272,0.519239958608523,0
0.442009785678238,0.368640997447073,1
0.192297696368769,0.417562691029161,0
0.434900622116402,0.0226960622239858,1
0.225133402971551,0.590488560032099,0
0.961096282117069,0.49303546291776,0
0.448427465045825,0.102907110704109,1
0.77714498527348,0.404790387256071,0
0.158219774486497,0.0524687760043889,0
0.866808582562953,0.0365673368796706,0
0.206145605770871,0.231096146861091,0
0.177949683042243,0.979802730260417,0
0.16489114635624,0.046293978812173,0
0.565268977312371,0.131950644310564,1
0.727181021124125,0.928440445568413,1
0.87591898906976,0.0879400612320751,0
0.7084243837744,0.942585540469736,1
0.47746321093291,0.674114161171019,1
0.820279993582517,0.00382873811759055,0
0.0166122107766569,0.849251258186996,0
0.996111101238057,0.515590843511745,0
0.63489483576268,0.422349815256894,1
0.42847538087517,0.859611756866798,1
0.0283929328434169,0.589908806141466,0
0.753332700580359,0.0638678425457329,0
0.20863397535868,0.135187422623858,0
0.999455405166373,0.411114768125117,0
0.907249193172902,0.830281275790185,0
0.712465031770989,0.387132702860981,1
0.730932883918285,0.622795259347185,1
0.472487921128049,0.6052724448964,1
0.86251068697311,0.540227035991848,0
0.165415122406557,0.584369491320103,0
0.620427925605327,0.772804728941992,1
0.29233139497228,0.698219556594267,1
0.456141733797267,0.841093179536983,1
0.0456392089836299,0.977512172423303,0
0.177661752095446,0.231927045853809,0
0.0579320678953081,0.857306067366153,0
0.944410233525559,0.684704520739615,0
0.342743474291638,0.300191494869068,1
0.517950570676476,0.161221431568265,1
0.625245335279033,0.767234371043742,1
0.23726485366933,0.987111633410677,0
0.516123914392665,0.858097431482747,1
0.806541827740148,0.676069807494059,0
0.348264734493569,0.811714572599158,1
0.858687452971935,0.485714763170108,0
0.034438761183992,0.460572879295796,0
0.970997145865113,0.311910333810374,0
0.745110136223957,0.0205816389061511,1
0.273255241801962,0.412714944686741,1
0.677106101531535,0.979999884497374,1
0.347947468049824,0.135402775136754,1
0.947020521620288,0.730675936909392,0
0.338623774936423,0.525304057169706,1
0.0317132039926946,0.961599416332319,0
0.35358579759486,0.720230341888964,1
0.387123587774113,0.910616386216134,1
0.356947160093114,0.303850163239986,1
0.959968606010079,0.628667964134365,0
0.383738204836845,0.208237442653626,1
0.546337621053681,0.850498702842742,1
0.925323475850746,0.0516226533800364,0
0.916859527118504,0.763275923440233,0
0.24273299286142,0.715289933141321,0
0.717090838821605,0.767757193185389,1
0.348946035839617,0.63072845665738,1
0.5542833507061,0.816523539600894,1
0.74297241307795,0.416317786788568,1
0.819698318606243,0.937721627065912,0
0.869657265022397,0.290783272590488,0
0.0358651343267411,0.114016148028895,0
0.220024403417483,0.601935896556824,0
0.3669732096605,0.0253674585837871,1
0.305696442024782,0.0845331076998264,1
0.727830457501113,0.333610649453476,1
0.699728766223416,0.0704086690675467,1
0.910060926806182,0.705079847713932,0
0.845602609682828,0.0741995039861649,0
0.778544640168548,0.325013779336587,0
0.400843428215012,0.358941920800135,1
0.576804658863693,0.388332616537809,1
0.0763594461604953,0.785443371161819,0
0.872974850703031,0.60434823972173,0
0.956285735592246,0.762589753139764,0
0.505531079834327,0.235860442742705,1
0.924366363789886,0.285984676796943,0
0.134513532742858,0.317556669004261,0
0.238737003179267,0.921906708274037,0
0.489962622057647,0.450436822371557,1
0.474060096777976,0.125947901280597,1
0.434994159033522,0.143986092181876,1
0.0392489600926638,0.311070655006915,0
0.644331015180796,0.975288923131302,1
0.715567200211808,0.231763273710385,1
0.351666721282527,0.0382028366439044,1
0.946556748822331,0.563256986206397,0
0.74310650723055,0.818462958559394,1
0.0507859203498811,0.0399563447572291,0
0.98036478087306,0.0301193404011428,0
0.217822452541441,0.88195783784613,0
0.0361960020381957,0.096223073778674,0
0.2607038654387,0.886290009133518,1
0.720415785908699,0.879959146259353,1
0.247894181171432,0.835876102093607,0
0.234915791545063,0.557243729010224,0
0.021011842880398,0.467326634097844,0
0.264620627742261,0.764113968936726,1
0.691801619483158,0.876213284675032,1
0.0346693911124021,0.701952431350946,0
0.0627861295361072,0.68679866543971,0
0.397706091869622,0.636870401678607,1
0.490028424886987,0.831182508030906,1
0.631048747571185,0.36510155024007,1
0.723404312273487,0.570556978695095,1
0.0767657924443483,0.63015224202536,0
0.421446080552414,0.614952600328252,1
0.9737266858574,0.0368189697619528,0
0.813805783400312,0.017285815672949,0
0.223767722956836,0.0680118638556451,0
0.489742305828258,0.295271991519257,1
0.0113401929847896,0.126704038120806,0
0.258602296933532,0.844714725157246,1
0.454598771873862,0.582892629085109,1
0.740976688219234,0.540331788593903,1
0.990660011768341,0.564409879501909,0
0.332204946083948,0.111477636964992,1
0.944791405461729,0.503265196457505,0
0.961853419896215,0.168936400907114,0
0.899277499644086,0.330436418298632,0
0.492715835105628,0.289174646837637,1
0.784935477888212,0.871861712308601,0
0.803119047079235,0.983075922355056,0
0.677767623681575,0.44973988016136,1
0.581277578603476,0.428737231297418,1
0.330668087350205,0.298711734823883,1
0.00131465657614172,0.259549331618473,0
0.0658019641414285,0.793350585969165,0
0.0859519173391163,0.0181931650731713,0
0.0131097168195993,0.0345779112540185,0
0.335745624266565,0.0285940209869295,1
0.119264316512272,0.568425016012043,0
0.593595445388928,0.88919350062497,1
0.0373126757331192,0.554856961360201,0
0.00957179185934365,0.197323454776779,0
0.161596125923097,0.792430558009073,0
0.831898988224566,0.947512933518738,0
0.766842754324898,0.0712402206845582,0
0.272780316416174,0.371038995217532,1
0.188163298880681,0.669765127124265,0
0.225761834764853,0.00999835669063032,0
0.0619703675620258,0.749893881380558,0
0.0599002409726381,0.985846241936088,0
0.148155870381743,0.273909657727927,0
0.0729878859128803,0.139519652351737,0
0.042885891860351,0.976404243381694,0
0.522461272310466,0.306301631964743,1
0.789231489412487,0.56942411349155,0
0.69475334812887,0.538207527250051,1
0.06657604733482,0.96145927417092,0
0.0179577465169132,0.452176122227684,0
0.442158423364162,0.378670980222523,1
0.157602083170786,0.0644230844918638,0
0.718860115855932,0.67102567339316,1
0.703941832529381,0.0654471057932824,1
0.885226304875687,0.201968907378614,0
0.325261015212163,0.918583245016634,1
0.970881566638127,0.95688528008759,0
0.984820266254246,0.239341633627191,0
0.0391847176942974,0.406939328880981,0
0.893571288092062,0.79614728805609,0
0.82239915127866,0.880628596292809,0
0.724244692828506,0.956159168621525,1
0.288920137798414,0.627194220898673,1
0.501948604593053,0.217940802918747,1
0.428347001317888,0.525597776286304,1
0.610016016056761,0.239814594388008,1
0.926113174064085,0.940649811178446,0
0.240123257739469,0.0231360632460564,0
0.271881833905354,0.634712329600006,1
0.735003646463156,0.97127534286119,1
0.751545873004943,0.107324536889791,0
0.930591920856386,0.224762569880113,0
0.462730274768546,0.146222741808742,1
0.860691176727414,0.352731726365164,0
0.312036419520155,0.333441155962646,1
0.208039013436064,0.086290895473212,0
0.920827467227355,0.971149060176685,0
0.0527368842158467,0.770943657960743,0
0.411155431065708,0.0301099128555506,1
0.456341215176508,0.946407520910725,1
0.415860247565433,0.471443838207051,1
0.670353451743722,0.589938755845651,1
0.756904080044478,0.987220240058377,0
0.911651314469054,0.344388371799141,0
0.819952085847035,0.66187479509972,0
0.0936498525552452,0.0475011996459216,0
0.177906081313267,0.880997015628964,0
0.6422145802062,0.931980005465448,1
0.874282993841916,0.954913745401427,0
0.592313350411132,0.755370357073843,1
0.262432192219421,0.828554753214121,1
0.883752264082432,0.483656921889633,0
0.187689346261322,0.725421863608062,0
0.488866982283071,0.885771847562864,1
0.0098204871173948,0.0624301570933312,0
0.360434043221176,0.902944783912972,1
0.442161690909415,0.0282520765904337,1
0.125729221384972,0.321962855290622,0
0.6243645476643,0.128149377647787,1
0.302431331714615,0.110141913872212,1
0.239637228194624,0.513342239893973,0
0.358629763592035,0.832293160958216,1
0.89291041251272,0.445708966813982,0
0.990627265069634,0.755911491811275,0
0.732421197462827,0.899729524739087,1
0.99278808827512,0.308047227328643,0
0.53978936211206,0.556854023132473,1
0.433801761828363,0.999194678850472,1
0.96467367419973,0.202094245236367,0
0.148319643223658,0.00539996149018407,0
0.0664930557832122,0.30408637248911,0
0.0242514880374074,0.496753414859995,0
0.61242324183695,0.0283771625254303,1
0.696608748054132,0.872602669754997,1
0.801141887204722,0.934078645659611,0
0.137730283895507,0.930875941179693,0
0.15978482272476,0.0465287743136287,0
0.988833592971787,0.835429355502129,0
0.398645695531741,0.835889535723254,1
0.187911816174164,0.558966832933947,0
0.477728241123259,0.881150518311188,1
0.544234022730961,0.784917331300676,1
0.328157980693504,0.904405734501779,1
0.999930593650788,0.711434805998579,0
0.527781835990027,0.575503982836381,1
0.133734508184716,0.48907258710824,0
0.438540067756549,0.204282114747912,1
0.620793939800933,0.190222956705838,1
0.202912412118167,0.838384618517011,0
0.134169772733003,0.88805390545167,0
0.776833998039365,0.567778263706714,0
0.635949848685414,0.362700476078317,1
0.282136296620592,0.231114051071927,1
0.191259456099942,0.384228762472048,0
0.265536719933152,0.572439994895831,1
0.530808792915195,0.599919136846438,1
0.684860904002562,0.794454609276727,1
0.383283393690363,0.504586929921061,1
0.954987998353317,0.54015195555985,0
0.118356580613181,0.0240896218456328,0
0.0391000553499907,0.777229169383645,0
0.504505032906309,0.334934893762693,1
0.578482555225492,0.468478092225268,1
0.839303907938302,0.729831201722845,0
0.654444975312799,0.744718985864893,1
0.944528339896351,0.890803800430149,0
0.511657629627734,0.300632366910577,1
0.0849210591986775,0.101898519555107,0
0.994770509423688,0.190689533017576,0
0.401444119866937,0.257666680263355,1
0.895646296674386,0.272624538047239,0
0.876858412055299,0.00727951503358781,0
0.296484797960147,0.91790635837242,1
0.132591909728944,0.84050816623494,0
0.265910907648504,0.377059336286038,1
0.00572754279710352,0.502039992250502,0
0.819601821480319,0.332168674794957,0
0.174661678960547,0.785535226110369,0
0.84308055206202,0.781624939991161,0
0.16671216674149,0.286652230657637,0
0.76401943503879,0.387615817133337,0
0.518938087392598,0.584658698644489,1
0.272685303352773,0.994150223443285,1
0.343203135766089,0.835735885892063,1
0.705075340112671,0.726855342742056,1
0.591535301180556,0.407429949846119,1
0.469379037618637,0.95852635265328,1
0.336376605555415,0.80196490092203,1
0.967837428674102,0.704851950518787,0
0.645841883728281,0.743434723000973,1
0.196301169227809,0.0411616840865463,0
0.357180385151878,0.0558531857095659,1
0.513018082128838,0.896790414117277,1
0.882996740518138,0.621500158915296,0
0.152667565271258,0.71561091253534,0
0.230461597442627,0.00645972532220185,0
0.162988578435034,0.150810371153057,0
0.614346859045327,0.390337652293965,1
0.501636443892494,0.714161876123399,1
0.188118888065219,0.290325599722564,0
0.407714852597564,0.837331550894305,1
0.582388046896085,0.809496423229575,1
0.308929065009579,0.181867694249377,1
0.480965640163049,0.615423773881048,1
0.939394792309031,0.098172070691362,0
0.0460405482444912,0.27517956495285,0
0.534861729713157,0.780145775992423,1
0.44266078225337,0.437542198225856,1
0.906365469563752,0.221972281346098,0
0.881042381748557,0.573065859032795,0
0.163241116330028,0.780486597446725,0
0.752190765691921,0.155522431246936,0
0.402987202163786,0.847129767062142,1
0.556952693499625,0.248301811050624,1
0.0801692819222808,0.802099082618952,0
0.116568592377007,0.10699037485756,0
0.925192561233416,0.579044283600524,0
0.878844240680337,0.0623896184843034,0
0.163207626901567,0.0907182868104428,0
0.531563901342452,0.299951496301219,1
0.929792168317363,0.640830152668059,0
0.325715993763879,0.492609065724537,1
0.160794630879536,0.555314179975539,0
0.949707917869091,0.0584233943372965,0
0.462357048643753,0.342911960789934,1
0.220770887332037,0.680054666940123,0
0.00201923260465264,0.43438574927859,0
0.619192603277043,0.252121420809999,1
0.40250592213124,0.14642827026546,1
0.900032610632479,0.622130993520841,0
0.505881984485313,0.579677405068651,1
0.726487081032246,0.556677608285099,1
0.027486614882946,0.02434884570539,0
0.379413213115185,0.354189245030284,1
0.386744662187994,0.377888964023441,1
0.337820725282654,0.0258919151965529,1
0.364431851310655,0.676427339902148,1
0.638755969703197,0.0550569642800838,1
0.0329143274575472,0.0432647177949548,0
0.69619258842431,0.00553221069276333,1
0.815564174670726,0.206780816894025,0
0.507422853494063,0.913408516673371,1
0.112592625897378,0.341096192831174,0
0.906323301140219,0.359174565644935,0
0.413338953163475,0.866259583970532,1
0.473755787825212,0.973590466193855,1
0.713714180048555,0.980258395429701,1
0.241871210513636,0.0727123722899705,0
0.299640627577901,0.461705907247961,1
0.704478821484372,0.930817308370024,1
0.771674948045984,0.130190584808588,0
0.0138403405435383,0.859063123119995,0
0.551313953474164,0.520018735202029,1
0.652461190475151,0.224378655897453,1
0.931660708039999,0.427132410695776,0
0.690391705138609,0.762412854935974,1
0.253767139045522,0.59382830420509,1
0.411038370104507,0.719509370625019,1
0.122891113162041,0.284091336419806,0
0.13196655572392,0.441674972185865,0
0.640118008246645,0.75138835189864,1
0.346423432230949,0.934092341689393,1
0.422756604617462,0.0714133388828486,1
0.939408880425617,0.389918048400432,0
0.383889230899513,0.127625434426591,1
0.228585131000727,0.978706541005522,0
0.69027868588455,0.161171129206195,1
0.00985791743732989,0.115898978663608,0
0.686130894348025,0.786069729132578,1
0.791674596024677,0.905293547548354,0
0.507493488723412,0.599870102247223,1
0.308076248969883,0.300136657431722,1
0.737212277250364,0.226046127732843,1
0.304715243401006,0.63842404820025,1
0.774708701763302,0.279024854302406,0
0.112113637849689,0.471430473960936,0
0.797743699979037,0.922835612669587,0
0.491001167334616,0.447039629099891,1
0.832918174797669,0.176126699196175,0
0.758423154940829,0.464907581685111,0
0.902146560838446,0.86713677062653,0
0.278440013062209,0.820635310839862,1
0.445692849811167,0.945926673477516,1
0.272015735739842,0.512540388619527,1
0.329918325645849,0.105226350249723,1
0.863600653829053,0.912915701977909,0
0.109857953386381,0.989705915795639,0
0.402256899746135,0.54518087557517,1
0.406075093662366,0.412231551017612,1
0.436479254858568,0.569187722867355,1
0.177000096300617,0.935180360917002,0
0.265730200102553,0.478674574755132,1
0.659550013486296,0.444759102305397,1
0.816055504838005,0.335506540024653,0
0.421184344682842,0.0619698725640774,1
0.160064304247499,0.582350987708196,0
0.288610127288848,0.172415588283911,1
0.802129008341581,0.839626242173836,0
0.164245681837201,0.281323125585914,0
0.789792735129595,0.792136813048273,0
0.524214969947934,0.729115832597017,1
0.320035002660006,0.840376283740625,1
0.275177087867633,0.494808007031679,1
0.8018980382476,0.958429436432198,0
0.104024431202561,0.0768314378801733,0
0.838122266577557,0.639469825197011,0
0.0792628736235201,0.847690366907045,0
0.717564067104831,0.561875630170107,1
0.864617826649919,0.58387052314356,0
0.97855820809491,0.939763181842864,0
0.249126207549125,0.304402521578595,0
0.0248606903478503,0.47445739316754,0
0.22297823196277,0.829457030398771,0
0.122025499586016,0.15667472477071,0
0.385239424882457,0.931832061614841,1
0.0843304744921625,0.185956565197557,0
0.28258189978078,0.292823452502489,1
0.566582458792254,0.25639015971683,1
0.328542302362621,0.110538738546893,1
0.943474682746455,0.0758171298075467,0
0.377303513931111,0.0385264467913657,1
0.953315612394363,0.921931521734223,0
0.273252867627889,0.734411330427974,1
0.687330156099051,0.276294294511899,1
0.136991804465652,0.3515303095337,0
0.810210771625862,0.868423911510035,0
0.762604692019522,0.770549261942506,0
0.442404833855107,0.991439095698297,1
0.456675694556907,0.977680684765801,1
0.680455088848248,0.343368733068928,1
0.0743979089893401,0.89329923922196,0
0.646629075054079,0.644349195063114,1
0.789914111606777,0.294057350140065,0
0.223316506715491,0.282546579372138,0
0.0409439904615283,0.0551484022289515,0
0.384648363338783,0.998245501425117,1
0.344092153944075,0.960609719855711,1
0.446368692209944,0.140312851639464,1
0.38683316949755,0.956602332415059,1
0.918317915406078,0.880699609406292,0
0.174017543438822,0.232670544181019,0
0.149870562367141,0.807741238968447,0
0.613199228886515,0.927309012506157,1
0.017243331996724,0.82411622419022,0
0.0661104843020439,0.852797179482877,0
0.778839041478932,0.847243185853586,0
0.935656127054244,0.787992113037035,0
0.207204139558598,0.730053582461551,0
0.64334315690212,0.286808314500377,1
0.331379575189203,0.728469291003421,1
0.955421590944752,0.547037804732099,0
0.817189157009125,0.185957584530115,0
0.740276143187657,0.353126357542351,1
0.222705976804718,0.674378331983462,0
0.0457247165031731,0.820698642637581,0
0.366526579251513,0.353937219595537,1
0.741393025033176,0.415153437526897,1
0.933506249915808,0.997745630564168,0
0.673209949862212,0.868331929203123,1
0.70135710737668,0.7680357710924,1
0.847625407855958,0.506533620646223,0
0.706156654981896,0.79969125520438,1
0.85880775959231,0.126471027033404,0
0.44564449111931,0.0132211919408292,1
0.676634992007166,0.857732499018312,1
0.127824782626703,0.092177655082196,0
0.736171535216272,0.627211139071733,1
0.0672451483551413,0.164368582423776,0
0.2808000696823,0.256299218395725,1
0.411617683712393,0.278576380573213,1
0.943424997152761,0.217877135844901,0
0.97734253318049,0.285013138549402,0
0.0388665851205587,0.170079083181918,0
0.587727777194232,0.740095858229324,1
0.0300116771832108,0.490103221265599,0
0.565281208371744,0.406209272332489,1
0.0982272308319807,0.885154942283407,0
0.630290788598359,0.382631018292159,1
0.818501834524795,0.762672175886109,0
0.350041663041338,0.882890816545114,1
0.133983674924821,0.331475715618581,0
0.080943378387019,0.0174748271238059,0
0.350443314295262,0.781025369884446,1
0.996271784650162,0.470790860708803,0
0.532968810759485,0.0503344901371747,1
0.335897380486131,0.806041994364932,1
0.314234643476084,0.749882015865296,1
0.382622060365975,0.858747134683654,1
0.018546407809481,0.915809215046465,0
0.0365391168743372,0.418453009799123,0
0.878513294039294,0.848111724015325,0
0.402064023772255,0.332284449134022,1
0.469381074188277,0.145493195159361,1
0.402336510131136,0.427703554742038,1
0.702090102480724,0.289761925814673,1
0.399164465256035,0.333205586997792,1
0.501958322711289,0.389244145480916,1
0.0369737506844103,0.335560646606609,0
0.297975734807551,0.109029030194506,1
0.962841981789097,0.0878969558980316,0
0.935096904635429,0.904485720908269,0
0.961099177366123,0.422072264598683,0
0.792595364153385,0.0308967877645046,0
0.754777192836627,0.592552592745051,0
0.065966630121693,0.440376072656363,0
0.135504779173061,0.288693242240697,0
0.123599375598133,0.427234515780583,0
0.762543860822916,0.132784375688061,0
0.903465715935454,0.468888859497383,0
0.402659090235829,0.0514836322981864,1
0.182563007809222,0.483534810133278,0
0.37456521904096,0.3490731860511,1
0.506208677310497,0.877943760482594,1
0.9135026789736,0.957522455370054,0
0.0766451810486615,0.327358053298667,0
0.109745523892343,0.288251393241808,0
0.754267222480848,0.974585211602971,0
0.304598775692284,0.262172886403278,1
0.72380965645425,0.806365065742284,1
0.232330028899014,0.997293636668473,0
0.393458866979927,0.858123119222,1
0.507879396900535,0.0251586968079209,1
0.939916865434498,0.0389354524668306,0
0.0578751706052572,0.55666848202236,0
0.304765704553574,0.219660270027816,1
0.240924044046551,0.746814439538866,0
0.385203435085714,0.548451942158863,1
0.762983355671167,0.316101830685511,0
0.864646998699754,0.198190840892494,0
0.679111215053126,0.881732020992786,1
0.676762705435976,0.161363870836794,1
0.165052519412711,0.789716308237985,0
0.802867429330945,0.921758247772232,0
0.711993431439623,0.521260639186949,1
0.928703089011833,0.0203643825370818,0
0.00749460491351783,0.121535250218585,0
0.596331653418019,0.220305431401357,1
0.366745680803433,0.626784958876669,1
0.741967155365273,0.716503412462771,1
0.762087390525267,0.374187414767221,0
0.260722959181294,0.430000867228955,1
0.254935881355777,0.18782216636464,1
0.678840809967369,0.17068098206073,1
0.485480662435293,0.560121854767203,1
0.378584530204535,0.952005691127852,1
0.0555479826871306,0.718828025972471,0
0.899025898426771,0.611078579211608,0
0.801723313750699,0.468449970474467,0
0.481013050070032,0.0259514320641756,1
0.0321287591941655,0.801994697889313,0
0.51200681226328,0.329534132033587,1
0.373101272154599,0.00601890846155584,1
0.498571684816852,0.942850269610062,1
0.399265736807138,0.769887712784111,1
0.0209469445981085,0.976159376790747,0
0.524289028486237,0.28400175482966,1
0.1603988497518,0.748254963662475,0
0.205114235170186,0.612767340848222,0
0.975226715672761,0.512801430653781,0
0.966354875126854,0.874437238555402,0
0.760070322314277,0.0132819041609764,0
0.0763705321587622,0.555495660053566,0
0.515823876019567,0.924096579663455,1
0.600305194500834,0.535429883049801,1
0.437024090904742,0.227849250426516,1
0.00164226116612554,0.00426723924465477,0
0.435551518108696,0.67474200646393,1
0.500963768921793,0.111760105704889,1
0.669604706112295,0.114785871468484,1
0.694857106776908,0.773117371369153,1
0.782510314369574,0.725970957195386,0
0.139022845542058,0.0783975780941546,0
0.163245677249506,0.00510848499834538,0
0.759542910149321,0.455259998561814,0
0.443703617434949,0.989025634946302,1
0.629668830428272,0.619448245270178,1
0.104512860300019,0.237372878007591,0
0.835548897273839,0.361664640251547,0
0.333949361927807,0.742622322868556,1
0.199519188608974,0.197317335521802,0
0.694545476464555,0.0262142333667725,1
0.165878762723878,0.0719839727971703,0
0.0739639038220048,0.581832582363859,0
0.0382361884694546,0.604207064723596,0
0.846020216587931,0.982604904100299,0
0.373548197327182,0.0282371218781918,1
0.880710697267205,0.862138818949461,0
0.090317772468552,0.17742281104438,0
0.495907411212102,0.659622746752575,1
0.754322736058384,0.455581671092659,0
0.605890813050792,0.315793792251498,1
0.52841279655695,0.167213704204187,1
0.91020668274723,0.429882332216948,0
0.98572890390642,0.435299002565444,0
0.279742561979219,0.998813308309764,1
0.123491694685072,0.805156203918159,0
0.17437904397957,0.33691137121059,0
0.881335254758596,0.507219970459118,0
0.124628272140399,0.290489595383406,0
0.298968904651701,0.554588325321674,1
0.164734639925882,0.265910958871245,0
0.0726095444988459,0.945077045354992,0
0.238413982093334,0.126765631139278,0
0.716666605323553,0.455688889371231,1
0.645020991796628,0.654302526731044,1
0.0758749665692449,0.612352547002956,0
0.172708922065794,0.568944267230108,0
0.145670357858762,0.0236329433973879,0
0.391901184339076,0.883386893197894,1
0.231745099416003,0.512261637486517,0
0.561379822902381,0.670730007812381,1
0.583520186599344,0.223625832237303,1
0.098759338259697,0.102729415055364,0
0.15891654137522,0.110473620006815,0
0.922065404010937,0.375896577723324,0
0.859449719078839,0.841916731325909,0
0.907198753440753,0.538620322709903,0
0.115268956404179,0.491406876128167,0
0.0355392340570688,0.987831338075921,0
0.585754387546331,0.827752581331879,1
0.314168264856562,0.146671165479347,1
0.556889274157584,0.181809379486367,1
0.354495415464044,0.407244702801108,1
0.143268311629072,0.00814834819175303,0
0.567135462770239,0.786297707818449,1
0.334098657825962,0.564716395223513,1
0.120401190593839,0.265264114132151,0
0.255854324204847,0.827212975826114,1
0.353385316440836,0.324715558206663,1
0.831319929333404,0.994529931340367,0
0.783223916543648,0.239496344001964,0
0.940152207389474,0.812511944910511,0
0.839199031703174,0.0366195442620665,0
0.148985019186512,0.855527029372752,0
0.590676085092127,0.00116199813783169,1
0.823962600668892,0.269030461087823,0
0.631885365350172,0.461208982625976,1
0.469929961487651,0.637901386246085,1
0.258740903576836,0.0973528381437063,1
0.0245803508441895,0.317276554880664,0
0.328808127669618,0.575807736022398,1
0.224853484425694,0.663508058292791,0
0.877331839408726,0.791351313237101,0
0.67765420069918,0.118293810170144,1
0.52593330363743,0.231169059406966,1
0.557686663931236,0.350582031533122,1
0.247471673414111,0.458335949108005,0
0.00729677081108093,0.0721909771673381,0
0.948906435165554,0.243369071977213,0
0.719150138553232,0.518254502210766,1
0.279324544593692,0.501254438888282,1
0.743782856035978,0.674529788084328,1
0.870748400921002,0.199540129397064,0
0.380370125174522,0.522952783387154,1
0.719447515904903,0.246978639159352,1
0.239606710383669,0.2615110501647,0
0.647764874156564,0.801221817964688,1
0.975670760730281,0.405676354188472,0
0.377998807933182,0.266299674520269,1
0.464144128607586,0.0502015422098339,1
0.812296295771375,0.811852451646701,0
0.494408113183454,0.411933311028406,1
0.0503090226557106,0.589451455278322,0
0.130621740594506,0.0379020404070616,0
0.161438316106796,0.287367034470662,0
0.0894531598314643,0.493830243125558,0
0.403614088194445,0.291815681150183,1
0.0638598678633571,0.960031080758199,0
0.562005922431126,0.629487839993089,1
0.336524107959121,0.759347913088277,1
0.540642281062901,0.225582466460764,1
0.913231221958995,0.930699282558635,0
0.38688075914979,0.87801841692999,1
0.960267164045945,0.911954281385988,0
0.384686591336504,0.390361216617748,1
0.941601979313418,0.370715910103172,0
0.680635657161474,0.292225106153637,1
0.902642353670672,0.641883824951947,0
0.253797065699473,0.389997333055362,1
0.406097129452974,0.0338000932242721,1
0.0142486135009676,0.58398018614389,0
0.11044779419899,0.814279590034857,0
0.501537791918963,0.572280898224562,1
0.371526648057625,0.236031974665821,1
0.805915554286912,0.113631349755451,0
0.00792284356430173,0.826521859038621,0
0.836512059206143,0.939973018830642,0
0.37683917931281,0.0306616220623255,1
0.385248533217236,0.0411253825295717,1
0.951530575519428,0.874309754930437,0
0.475674239452928,0.352220267057419,1
0.552093794336542,0.307485260767862,1
0.934716325020418,0.87118188617751,0
0.86343625606969,0.923051160294563,0
0.259914484340698,0.490252809599042,1
0.687699834583327,0.492284960579127,1
0.447907246183604,0.185023497324437,1
0.21801627590321,0.261712845647708,0
0.68623681506142,0.348247224697843,1
0.959382025292143,0.690853481413797,0
0.259404480922967,0.140372309833765,1
0.468759991927072,0.476776043185964,1
0.321339557645842,0.832619810011238,1
0.164642814546824,0.265586382243782,0
0.714727725367993,0.775234733475372,1
0.52816575136967,0.185494924196973,1
0.234714680118486,0.390233527868986,0
0.0644316615071148,0.992025062208995,0
0.67576349619776,0.146795924985781,1
0.806145361857489,0.171145766507834,0
0.115471235243604,0.132664274657145,0
0.692014421336353,0.71197082917206,1
0.0217862285207957,0.911851749988273,0
0.361376708606258,0.416281843557954,1
0.732280049938709,0.784835475031286,1
0.312623041914776,0.154373486759141,1
0.447153053246439,0.0122919178102165,1
0.825439068023115,0.0822354448027909,0
0.331795465201139,0.519093003123999,1
0.144025167217478,0.068292502546683,0
0.30092075210996,0.810592334251851,1
0.162601796910167,0.0798554408829659,0
0.839471578365192,0.154718979028985,0
0.664307477185503,0.0672961501404643,1
0.138867305591702,0.437049824511632,0
0.325881813885644,0.753689459292218,1
0.831430218880996,0.0121625945903361,0
0.822539104381576,0.406420856714249,0
0.149399920366704,0.41165281063877,0
0.421279689529911,0.977203529328108,1
0.445182651514187,0.22140681813471,1
0.883927375776693,0.736711106961593,0
0.414997326675802,0.823753194883466,1
0.689892161870375,0.950343935750425,1
0.71692087710835,0.0985238691791892,1
0.0123791699297726,0.692418950377032,0
0.0378294484689832,0.28422638704069,0
0.0908774142153561,0.801075034309179,0
0.398823967436329,0.831794714787975,1
0.900214575929567,0.679838558426127,0
0.444902628427371,0.416039432166144,1
0.75515309209004,0.343821749091148,0
0.711470239562914,0.296874676598236,1
0.166756350314245,0.822133605368435,0
0.869142389157787,0.500879856059328,0
0.0891845354344696,0.496786301257089,0
0.16301366337575,0.364361931569874,0
0.849353688303381,0.849381481064484,0
0.628130341181532,0.313532576197758,1
0.208459950983524,0.212108394829556,0
0.672860826831311,0.585793458623812,1
0.964205690892413,0.842366850702092,0
0.88173885201104,0.125383907929063,0
0.961764686973765,0.377530383877456,0
0.464693185640499,0.671603712253273,1
0.0728773572482169,0.187768460484222,0
0.874308753525838,0.504759023664519,0
0.198872806271538,0.0272868473548442,0
0.53458975860849,0.496297850972041,1
0.105562190990895,0.947351710870862,0
0.383995017269626,0.381182133918628,1
0.747705924557522,0.69821372628212,1
0.695790997939184,0.688765808474272,1
0.0983917720150203,0.477730676764622,0
0.611531793372706,0.273347614100203,1
0.0209252538625151,0.756916332291439,0
0.649712249170989,0.24753206060268,1
0.978378070285544,0.521339483326301,0
0.842504459200427,0.612843240844086,0
0.842785842018202,0.0950499763712287,0
0.387452162569389,0.565758763812482,1
0.79307110211812,0.0168741615489125,0
0.406196559080854,0.199878882383928,1
0.253348905127496,0.417583800852299,1
0.419303989037871,0.205506088444963,1
0.495499532902613,0.377221406903118,1
0.858245956944302,0.0764517178758979,0
0.732264853548259,0.144973995629698,1
0.97442849050276,0.553591954056174,0
0.100054909707978,0.661742560798302,0
0.832590837031603,0.735647504450753,0
0.450554177863523,0.376209417590871,1
0.85045913583599,0.868757152697071,0
0.569751543691382,0.795470046577975,1
0.961542513919994,0.821803021943197,0
0.954750733915716,0.901695312466472,0
0.283779508899897,0.982507341308519,1
0.739606497809291,0.26595108048059,1
0.0707425756845623,0.787098370492458,0
0.900119546800852,0.190747030079365,0
0.13342057261616,0.00374910165555775,0
0.555886077694595,0.556995858903974,1
0.600408032536507,0.409749276237562,1
0.132961038965732,0.922948800260201,0
0.509312337264419,0.521063483785838,1
0.36704990756698,0.041392597835511,1
0.00330454739741981,0.565851251361892,0
0.0479798603337258,0.201182579621673,0
0.882048450177535,0.4347148318775,0
0.823517040116712,0.23707205359824,0
0.413030900992453,0.986860311124474,1
0.921733218012378,0.646103182574734,0
0.477402933407575,0.782384756021202,1
0.474994423566386,0.991421550279483,1
0.657836067024618,0.817141162231565,1
0.163320453837514,0.3213550534565,0
0.0951943711843342,0.0980055881664157,0
0.861514792311937,0.334871634608135,0
0.239879169734195,0.0188533239997923,0
0.555404131999239,0.0442751238588244,1
0.849406595109031,0.777206290513277,0
0.349647580645978,0.148822394898161,1
0.975738595239818,0.0384751376695931,0
0.869405530160293,0.778974670916796,0
0.754124050959945,0.0181956617161632,0
0.223673420026898,0.228039027424529,0
0.769816465443,0.85104761319235,0
0.874713584315032,0.313316456740722,0
0.0437931080814451,0.766042092582211,0
0.199760707095265,0.362029435578734,0
0.853742358274758,0.191251891199499,0
0.652254128362983,0.475161754759029,1
0.869332019239664,0.247648052871227,0
0.813636587467045,0.947342508705333,0
0.36144763790071,0.207135492935777,1
0.0908958460204303,0.893656602827832,0
0.574655290460214,0.960227616596967,1
0.654730413574725,0.977709686849266,1
0.822204776341096,0.0677777484524995,0
0.455575515050441,0.0318395830690861,1
0.984328898368403,0.444838377181441,0
0.750398378120735,0.321784554049373,0
0.13355568703264,0.723255394492298,0
0.21517351269722,0.85154989361763,0
0.848379537696019,0.486613508546725,0
0.465341185452417,0.380625841207802,1
0.915767790284008,0.417846131604165,0
0.916557738324627,0.624788137851283,0
0.819854583824053,0.424331603571773,0
0.566901157610118,0.258250310318545,1
0.615477161249146,0.95841662120074,1
0.794800289906561,0.0308180670253932,0
0.439696548506618,0.257467290386558,1
0.412587253144011,0.113716734107584,1
0.565485285129398,0.242663489887491,1
0.151647832011804,0.971103051677346,0
0.807460845448077,0.852232806384563,0
0.495641366345808,0.396820490481332,1
0.140509183052927,0.480092798359692,0
0.110289279138669,0.963110517244786,0
0.110791063401848,0.959673418896273,0
0.00471427943557501,0.807111313799396,0
0.238404355244711,0.655493433121592,0
0.878822879167274,0.758841523434967,0
0.0772186573594809,0.710887209977955,0
0.138538560131565,0.947762156371027,0
0.0475245749112219,0.981189090292901,0
0.0339188734069467,0.0558995229657739,0
0.916089018341154,0.245401608990505,0
0.840200393926352,0.270933811087161,0
0.1788714164868,0.909149555722252,0
0.495267945108935,0.377033542841673,1
0.306958527071401,0.275055379373953,1
0.274376961868256,0.178230443736538,1
0.128243855433539,0.473112887702882,0
0.429381913272664,0.398789879167452,1
0.695944963721558,0.131660763407126,1
0.335060718469322,0.0186322373338044,1
0.701246433425695,0.621917463839054,1
0.840534914750606,0.0782189560122788,0
0.882632006658241,0.659957119962201,0
0.766589350067079,0.729327719192952,0
0.322027627611533,0.0706880488432944,1
0.0421170077752322,0.595424256520346,0
0.8927099222783,0.0907979032490402,0
0.638105145189911,0.903877213364467,1
0.554493116214871,0.742082617245615,1
0.766329948091879,0.368990367045626,0
0.0968612944707274,0.430677117081359,0
0.748016487574205,0.350289170164615,1
0.875217987690121,0.0231301237363368,0
0.00766859552823007,0.336816131835803,0
0.934916985454038,0.370525331003591,0
0.406965658068657,0.168941826093942,1
0.788763389689848,0.660289175575599,0
0.976127624511719,0.598364592995495,0
0.33340254588984,0.138477680506185,1
0.787214820971712,0.119223107816651,0
0.0893609160557389,0.519206711556762,0
0.0436999020166695,0.689909308683127,0
0.514933738159016,0.260044680675492,1
0.0480893275234848,0.429477599216625,0
0.0891961276065558,0.918895782204345,0
0.688325521536171,0.780751553596929,1
0.0348385337274522,0.58243419136852,0
0.430910924449563,0.893974649021402,1
0.759294051211327,0.720374052412808,0
0.831796954618767,0.338625693926588,0
0.382462516892701,0.998751056613401,1
0.615554818883538,0.333700411953032,1
0.344986650394276,0.862437467789277,1
0.532278774073347,0.481445814250037,1
0.260009106947109,0.409564045956358,1
0.572860622312874,0.255079049849883,1
0.905846678419039,0.320475823478773,0
0.566021878505126,0.945486744167283,1
0.0564868177752942,0.662678283639252,0
0.102113745408133,0.474615681683645,0
0.328341855900362,0.339031583862379,1
0.990600507240742,0.807529285782948,0
0.714365339372307,0.878708931850269,1
0.0789741838816553,0.647424155846238,0
0.614216449437663,0.786219180095941,1
0.493233672808856,0.921566584846005,1
0.269097654847428,0.648286033654585,1
0.293110862839967,0.417213676963001,1
0.475278300233185,0.631207889411598,1
0.964078546268865,0.00370266754180193,0
0.42363210208714,0.677430045325309,1
0.844097095774487,0.728797588031739,0
0.953827351331711,0.478573855245486,0
0.28647352475673,0.150652205571532,1
0.54084939789027,0.635426214197651,1
0.581378317903727,0.690543496515602,1
0.256286894436926,0.588214971125126,1
0.878083968302235,0.165054999990389,0
0.882302387617528,0.0418248169589788,0
0.987334684701636,0.462367153726518,0
0.101620901143178,0.168274397030473,0
0.618775002192706,0.289797398261726,1
0.70473376987502,0.333899395307526,1
0.148588430834934,0.402934171259403,0
0.890810591634363,0.587705203564838,0
0.162670300109312,0.256302893860266,0
0.121866469504312,0.752632672898471,0
0.977556857280433,0.162605638848618,0
0.6271102654282,0.633887702133507,1
0.0191994300112128,0.577854369999841,0
0.829164144583046,0.843072306830436,0
0.998877475271001,0.111892251996323,0
0.868095516227186,0.171440947568044,0
0.39691107487306,0.387805648846552,1
0.936241782503203,0.411135312402621,0
0.324772896012291,0.381956602213904,1
0.972447561565787,0.0145239024423063,0
0.562598453834653,0.261534916236997,1
0.579329037806019,0.856154616456479,1
0.824690353590995,0.959319911664352,0
0.198444477515295,0.247285005170852,0
0.618989635026082,0.0307835503481328,1
0.224564614938572,0.260124560911208,0
0.0252237301319838,0.512438792502508,0
0.756505124736577,0.966911087045446,0
0.638156944653019,0.113309500040486,1
0.0578689130488783,0.756413192953914,0
0.673797813244164,0.0899519557133317,1
0.691544770728797,0.140876298537478,1
0.745228959713131,0.481771796941757,1
0.124061870621517,0.676956048002467,0
0.15117178671062,0.985664874780923,0
0.177430625306442,0.127168807433918,0
0.00886946776881814,0.922500779852271,0
0.633788643172011,0.555134221212938,1
0.372750885086134,0.572697894880548,1
0.277720049023628,0.89107434055768,1
0.172508500749245,0.256899788510054,0
0.203711141366512,0.966413114219904,0
0.221870881738141,0.979451957857236,0
0.253431504592299,0.624913282226771,1
0.170097689377144,0.407301830127835,0
0.921676764031872,0.780491379555315,0
0.345313458470628,0.18635067017749,1
0.0851092091761529,0.264470129972324,0
0.377817805157974,0.0873159151524305,1
0.54334351955913,0.221211990807205,1
0.787010926054791,0.279600742505863,0
0.320313527714461,0.208089957013726,1
0.838038518326357,0.952351574786007,0
0.998470485210419,0.896842772141099,0
0.213442992419004,0.861203725915402,0
0.437296491349116,0.0941450437530875,1
0.378729996271431,0.711416750214994,1
0.965576708549634,0.207880337489769,0
0.641116502229124,0.050832700682804,1
0.806135333841667,0.927849626867101,0
0.919062188826501,0.392988628474995,0
0.0586224480066448,0.684387413552031,0
0.477642855606973,0.862539172405377,1
0.696882788324729,0.0562409411650151,1
0.0446715094149113,0.376854222267866,0
0.756854316918179,0.594345493009314,0
0.591673724818975,0.247611920814961,1
0.510140463011339,0.342241605743766,1
0.452601766446605,0.52076779352501,1
0.0254819660913199,0.795389410573989,0
0.961843609344214,0.239070262759924,0
0.987627439666539,0.122022248571739,0
0.634359558112919,0.361404055031016,1
0.425541346892715,0.924914178904146,1
0.266625905176625,0.991690568858758,1
0.0805694879963994,0.588645044248551,0
0.330141563434154,0.709186567226425,1
0.894050102913752,0.966245763236657,0
0.306675198487937,0.894128301180899,1
0.40242384118028,0.354800454340875,1
0.573791397502646,0.51972768548876,1
0.596988384379074,0.531628874596208,1
0.570017137564719,0.324357228120789,1
0.218071287963539,0.273691711714491,0
0.820126744452864,0.744695397559553,0
0.0366557808592916,0.565033575054258,0
0.625582814915106,0.068710021674633,1
0.433478938182816,0.422959145624191,1
0.35692613851279,0.92910863016732,1
0.773667640052736,0.384970221668482,0
0.173452047863975,0.412249903194606,0
0.493208973202854,0.731121164280921,1
0.737188908504322,0.00125429569743574,1
0.511001022765413,0.712606544839218,1
0.475086916005239,0.192397443577647,1
0.587899940554053,0.0149239138700068,1
0.572537379339337,0.339476770488545,1
0.654917740728706,0.0363455633632839,1
0.865125555777922,0.976661436259747,0
0.396846375893801,0.721812328556553,1
0.960116155678406,0.468520384514704,0
0.380877255229279,0.0579089615494013,1
0.170088279992342,0.0689271534793079,0
0.231604878557846,0.846869217697531,0
0.949920209357515,0.387105526635423,0
0.0835081576369703,0.530260157072917,0
0.193044015904889,0.18378784134984,0
0.074695295188576,0.455626097740605,0
0.605016008019447,0.0577417488675565,1
0.215842896373942,0.0482779268641025,0
0.587987260660157,0.251966296695173,1
0.228897603228688,0.251235500676557,0
0.390925179235637,0.0317150542978197,1
0.347905913367867,0.788324028952047,1
0.918379402486607,0.99636180466041,0
0.112039123661816,0.864577628672123,0
0.254976143594831,0.609588518738747,1
0.186624069930986,0.105872784042731,0
0.745543522993103,0.734037317102775,1
0.932968782261014,0.811631217598915,0
0.494711893843487,0.124777175020427,1
0.644993681227788,0.86251254635863,1
0.175802586833015,0.902454941999167,0
0.602994646178558,0.0462886218447238,1
0.887757665943354,0.699209560407326,0
0.490209404379129,0.350361630087718,1
0.0183835725765675,0.173961268737912,0
0.17939079226926,0.546021988382563,0
0.299391138367355,0.457101816078648,1
0.276964061195031,0.379365042084828,1
0.0616094244178385,0.344713973579928,0
0.35532134771347,0.247539757518098,1
0.577037754002959,0.900900796987116,1
0.535031558480114,0.668370212661102,1
0.604272830300033,0.435003696009517,1
0.486148978350684,0.599006049102172,1
0.131626568036154,0.861090060090646,0
0.96457004873082,0.963990911375731,0
0.742461576359347,0.767253541853279,1
0.366839384660125,0.263320409459993,1
0.150825294898823,0.382403031224385,0
0.226939673302695,0.548405606066808,0
0.745116808917373,0.480093627702445,1
0.050592377781868,0.176780153997242,0
0.593993296846747,0.194230885012075,1
0.153250648407266,0.19061488029547,0
0.762780725024641,0.309242689283565,0
0.995281064882874,0.393958219559863,0
0.173998110694811,0.081369558814913,0
0.619130822597072,0.752655230462551,1
0.537983173970133,0.335645363898948,1
0.818258262239397,0.923703921260312,0
0.321746907196939,0.357597754336894,1
0.582326936768368,0.352957154624164,1
0.0709323794580996,0.413683120859787,0
0.570644013117999,0.21347782202065,1
0.56067725061439,0.993778959149495,1
0.434170939493924,0.602720888564363,1
0.96194878523238,0.557713209185749,0
0.711271684383973,0.89399151946418,1
0.258469532011077,0.0697301991749555,1
0.92567753768526,0.781964750494808,0
0.420811663148925,0.823618542170152,1
0.816300745587796,0.487648943671957,0
0.754665047628805,0.386665469966829,0
0.412143304478377,0.0539362814743072,1
0.514416832011193,0.920637469505891,1
0.542284718481824,0.254559968365356,1
0.974024304188788,0.521439995616674,0
0.073637954890728,0.82305167010054,0
0.76950380532071,0.945947338826954,0
0.872554909205064,0.846984746167436,0
0.989865584531799,0.493127718102187,0
0.965147644048557,0.111786963418126,0
0.636421318631619,0.293689168989658,1
0.0653892939444631,0.569454809185117,0
0.128414754988626,0.976074694190174,0
0.492784780450165,0.256749568041414,1
0.663244860246778,0.0859518009237945,1
0.189378713723272,0.978054680861533,0
0.177598393289372,0.664543885504827,0
0.115560325561091,0.58842825749889,0
0.156952400226146,0.164455680875108,0
0.8574108495377,0.0993891032412648,0
0.42486053169705,0.88355976366438,1
0.878341671079397,0.685614707414061,0
0.824826563941315,0.670378891285509,0
0.978819616837427,0.315664876252413,0
0.634543015854433,0.333926116814837,1
0.691523276036605,0.358517591608688,1
0.792183339362964,0.352840007981285,0
0.0341706455219537,0.265147265279666,0
0.819993681041524,0.812917849980295,0
0.687636162620038,0.874815351795405,1
0.431776891928166,0.143436587648466,1
0.243875786894932,0.167827768716961,0
0.00814770301803946,0.218499390175566,0
0.421106143388897,0.994066484970972,1
0.786956907948479,0.658312736311927,0
0.595592122757807,0.821785141481087,1
0.984963058726862,0.773454452166334,0
0.528043455909938,0.0364702339284122,1
0.523278417764232,0.0431723294313997,1
0.786444804864004,0.0562438180204481,0
0.0877224092837423,0.576228643301874,0
0.256111980648711,0.482910368358716,1
0.35660412022844,0.122671921039,1
0.24905545799993,0.397473322460428,0
0.175018487730995,0.260492219589651,0
0.572922080755234,0.650815379805863,1
0.483393148286268,0.905314000789076,1
0.809948969166726,0.74012889387086,0
0.75051523395814,0.841717121191323,0
0.347443797625601,0.044239912647754,1
0.806874484289438,0.423272797605023,0
0.25176422810182,0.873939546523616,1
0.592963553965092,0.175364339957014,1
0.156215733382851,0.348761594388634,0
0.175159651553258,0.621844779700041,0
0.226377300918102,0.421700002858415,0
0.791963252006099,0.943325919797644,0
0.388376479735598,0.995232501300052,1
0.911222032504156,0.817571543855593,0
0.1218470511958,0.900978484423831,0
0.987835156964138,0.655842517968267,0
0.75528792059049,0.403636518400162,0
0.310775833902881,0.530170096550137,1
0.0198653580155224,0.502481022151187,0
0.682283061323687,0.855311469640583,1
0.438736066687852,0.254033628618345,1
0.883700705366209,0.820412443485111,0
0.0742437855806202,0.364364749984816,0
0.45366955595091,0.790820952737704,1
0.888036270625889,0.909833826590329,0
0.700159241678193,0.238349352730438,1
0.304615611210465,0.723215071484447,1
0.584890802390873,0.0035770449321717,1
0.870453770039603,0.763899971963838,0
0.44652355927974,0.285341114038602,1
0.33737303968519,0.340382555965334,1
0.566908608656377,0.903062142664567,1
0.415764981647953,0.877579760039225,1
0.83266066480428,0.424540334381163,0
0.153707588091493,0.816479665227234,0
0.658649043180048,0.261721107410267,1
0.00102681899443269,0.584187322761863,0
0.320450928527862,0.0209061289206147,1
0.950132880592719,0.396098192315549,0
0.0125525095500052,0.272798059973866,0
0.0790907654445618,0.20278834970668,0
0.213288370519876,0.209498702315614,0
0.994843258988112,0.116892940597609,0
0.49203958758153,0.27199873724021,1
0.627634118078277,0.088926020776853,1
0.00596133503131568,0.534628008492291,0
0.285853998735547,0.270209172740579,1
0.986480417195708,0.40737719531171,0
0.757692324928939,0.682664666324854,0
0.0682749908883125,0.896620371378958,0
0.810763978632167,0.302601492032409,0
0.122871407074854,0.0589324918109924,0
0.409918360644951,0.759059208910912,1
0.927543645258993,0.0676569011993706,0
0.554208239307627,0.611802558414638,1
0.0142666143365204,0.13629122916609,0
0.967365281190723,0.239740301854908,0
0.770065532531589,0.488389725564048,0
0.0799524132162333,0.539585508871824,0
0.365419848356396,0.985135596245527,1
0.480426545254886,0.602988835657015,1
0.675760691985488,0.914623311953619,1
0.786447250749916,0.236143616726622,0
0.810058057308197,0.352573910960928,0
0.078677503624931,0.963099833345041,0
0.168914441019297,0.218065006658435,0
0.0367327940184623,0.872766869841143,0
0.240142308874056,0.896900301799178,0
0.912195181939751,0.390888018999249,0
0.00136347976513207,0.620963824447244,0
0.227300448110327,0.674278995255008,0
0.168262931751087,0.337790174642578,0
0.149762514978647,0.932121962076053,0
0.648097161203623,0.484986192779616,1
0.485572549281642,0.486794000258669,1
0.693244319409132,0.882445059716702,1
0.289669456658885,0.481274439487606,1
0.978671659715474,0.457926973700523,0
0.288126329425722,0.0277696053963155,1
0.525764521211386,0.580214267363772,1
0.0778222696390003,0.494763478403911,0
0.678553835256025,0.782424762612209,1
0.181949716527015,0.523702484788373,0
0.529804455116391,0.293860214063898,1
0.801678828895092,0.125058113131672,0
0.313187195919454,0.0213551393244416,1
0.691273411735892,0.501787526765838,1
0.773044522618875,0.491354805417359,0
0.261793632525951,0.18844457459636,1
0.678760153008625,0.889199612196535,1
0.992143295938149,0.748904407024384,0
0.551487519871444,0.431057836627588,1
0.930684473598376,0.501952701015398,0
0.20740434480831,0.746659066993743,0
0.229959039483219,0.428153117187321,0
0.48398658935912,0.291901501361281,1
0.461059393826872,0.649466095957905,1
0.782721356954426,0.179455536650494,0
0.000605266075581312,0.170345440041274,0
0.750623380066827,0.668982670409605,0
0.830732437549159,0.356794105144218,0
0.314671236323193,0.35013035312295,1
0.712033160030842,0.623509340221062,1
0.25171154923737,0.800211045192555,1
0.309347498230636,0.23908422049135,1
0.695954847149551,0.82970909611322,1
0.423095647012815,0.666208144044504,1
0.852890213020146,0.340671270852908,0
0.534399916650727,0.232583551900461,1
0.54817751632072,0.540148673579097,1
0.845543978502974,0.51067478233017,0
0.377029079943895,0.821410999400541,1
0.166043678531423,0.713971173157915,0
0.189248028676957,0.927799327298999,0
0.856867816066369,0.096104125957936,0
0.337503234623,0.345741792349145,1
0.775028235046193,0.723214431200176,0
0.0690702020656317,0.314518101513386,0
0.240949265658855,0.854052754817531,0
0.24280183785595,0.375918090576306,0
0.387112989090383,0.409277682425454,1
0.871805021073669,0.886861315229908,0
0.967197048477829,0.211456225486472,0
0.866916270926595,0.225730771431699,0
0.437715301522985,0.297417617635801,1
0.191937792114913,0.258082825224847,0
0.0822944045066833,0.703683105530217,0
0.583451637532562,0.399653353029862,1
0.0703614954836667,0.285388074116781,0
0.527662655804306,0.097424098988995,1
0.472288285382092,0.00888858665712178,1
0.0481913706753403,0.335543330293149,0
0.594540807651356,0.951405642088503,1
0.791271215071902,0.344889228232205,0
0.598868683679029,0.969437987310812,1
0.0279159292113036,0.52387237153016,0
0.39572663186118,0.0130347721278667,1
0.106243964517489,0.751962327864021,0
0.0241113880183548,0.0883080242201686,0
0.840897767804563,0.941725151613355,0
0.32639992586337,0.246284653199837,1
0.2942976471968,0.791405879659578,1
0.822897979756817,0.788811595411971,0
0.414347424637526,0.101816672133282,1
0.0101712229661644,0.720044140005484,0
0.0524083885829896,0.9337962877471,0
0.730370381381363,0.0526537843979895,1
0.0733949469868094,0.790163041325286,0
0.0703566265292466,0.333094732835889,0
0.637171967187896,0.525744589744136,1
0.41330587095581,0.840885669458658,1
0.430717830779031,0.910534488270059,1
0.0802463705185801,0.568714225897565,0
0.277116678655148,0.706055532209575,1
0.794071018928662,0.629855687730014,0
0.0910974657163024,0.438779226504266,0
0.276682177558541,0.839317415840924,1
0.136255458230153,0.280171647900715,0
0.6634760950692,0.952941921306774,1
0.979130022460595,0.81234979419969,0
0.211811334360391,0.434618528233841,0
0.372026984347031,0.0135124810039997,1
0.118364716647193,0.977929140906781,0
0.780536147300154,0.438454699702561,0
0.0655782136600465,0.160547960316762,0
0.783775092335418,0.129847263917327,0
0.123852211982012,0.0638070576824248,0
0.777341672452167,0.0216856256593019,0
0.36134907277301,0.261349760228768,1
0.615930010797456,0.588087093317881,1
0.917042729211971,0.209609391633421,0
0.105220099911094,0.449112818110734,0
0.715545793995261,0.332787071354687,1
0.156366555485874,0.0214827535673976,0
0.261575721204281,0.403448960278183,1
0.773791367653757,0.389861945761368,0
0.594759070547298,0.0816700512077659,1
0.0953767166938633,0.662987598450854,0
0.158467933768407,0.254264225019142,0
0.701090714894235,0.739850616082549,1
0.269182726275176,0.995354735292494,1
0.296830063685775,0.615766751114279,1
0.562665292294696,0.738165500806645,1
0.345176512375474,0.763973202323541,1
0.996363310841843,0.405474212253466,0
0.214889628114179,0.576326550683007,0
0.590747197624296,0.984037366230041,1
0.40899104741402,0.643354443367571,1
0.539928927551955,0.848535092547536,1
0.809806877514347,0.454857147531584,0
0.0106531432829797,0.872120794840157,0
0.674989556195214,0.149962643394247,1
0.880181554006413,0.495767050189897,0
0.408088765805587,0.599707916611806,1
0.894052134593949,0.543140358058736,0
0.807851313846186,0.821877921931446,0
0.0522684226743877,0.865632975706831,0
0.951139469398186,0.988545118598267,0
0.498940351651981,0.183868825435638,1
0.497459183679894,0.329447725787759,1
0.201222010422498,0.380547871580347,0
0.680997319286689,0.504688272951171,1
0.547304183710366,0.591116025811061,1
0.60957774030976,0.0167103265412152,1
0.308182996464893,0.407721091760322,1
0.164061164716259,0.214146937709302,0
0.847399726277217,0.58896878012456,0
0.177070725010708,0.90126932435669,0
0.586210725829005,0.939494735794142,1
0.972556549590081,0.399617788381875,0
0.534099313896149,0.963944796705619,1
0.810916254529729,0.715283155906945,0
0.650906511116773,0.191367875086144,1
0.77098110713996,0.747757736127824,0
0.0345583152957261,0.526433679740876,0
0.558660281123593,0.171151598682627,1
0.120087367016822,0.279184447368607,0
0.686299628112465,0.506186814047396,1
0.914125661132857,0.536343123298138,0
0.560349760344252,0.591937742428854,1
0.575576044851914,0.432773365406319,1
0.51675015501678,0.377638380043209,1
0.658048582263291,0.810394644737244,1
0.588396580191329,0.5815065279603,1
0.0799245799425989,0.554845141014084,0
0.156136253383011,0.25656011630781,0
0.985081367427483,0.696543162921444,0
0.991829797392711,0.124402312096208,0
0.2947561906185,0.653425114229321,1
0.788712464505807,0.701073644449934,0
0.686831065220758,0.0565329240635037,1
0.400826663477346,0.918328983010724,1
0.396841136040166,0.721959620947018,1
0.887413940625265,0.572063666535541,0
0.82207809551619,0.562943084165454,0
0.2652450397145,0.472374809905887,1
0.181170874042436,0.298696223413572,0
0.956474067410454,0.384201156441122,0
0.837399842217565,0.0558448801748455,0
0.346652631880715,0.921323503600433,1
0.842086441814899,0.204579910030589,0
0.0101301828399301,0.864333444042131,0
0.21454192395322,0.153125872835517,0
0.913734979229048,0.91990178800188,0
0.0486553451046348,0.887056117877364,0
0.87123094429262,0.73340119747445,0
0.65578800602816,0.773127344436944,1
0.219371878309175,0.607935747830197,0
0.00943714333698153,0.784447375219315,0
0.0792144953738898,0.691337749129161,0
0.767450851621106,0.574081720551476,0
0.0332878560293466,0.603856303030625,0
0.774952064268291,0.39773424109444,0
0.393959630047902,0.11504670442082,1
0.784817258594558,0.227263760752976,0
0.0333322957158089,0.984292734181508,0
0.366151578025892,0.393684571608901,1
0.207688439870253,0.126007337355986,0
0.965912537649274,0.944244859972969,0
0.564966007368639,0.829529009992257,1
0.441115951864049,0.655218604952097,1
0.803868116578087,0.108243399066851,0
0.165633277501911,0.42692486057058,0
0.20611856225878,0.185702051967382,0
0.348586677573621,0.425405238522217,1
0.450814907671884,0.239189860643819,1
0.103176732780412,0.485533623723313,0
0.600618461845443,0.115525273373351,1
0.100577907869592,0.906308473553509,0
0.957186109153554,0.472060879925266,0
0.580974439391866,0.355467249173671,1
0.168894380098209,0.197876819176599,0
0.518571133259684,0.222389834234491,1
0.0543228397145867,0.562323733232915,0
0.181874627713114,0.583697371883318,0
0.0324744703248143,0.978173895506188,0
0.413448404753581,0.651080352021381,1
0.710804731585085,0.769618979422376,1
0.43829421675764,0.829486890695989,1
0.476030350895599,0.0453621642664075,1
0.379704721504822,0.223780141212046,1
0.779968342510983,0.683574029710144,0
0.961577203124762,0.67094626207836,0
0.443998414091766,0.529766337713227,1
0.276576519012451,0.45085593406111,1
0.652874941704795,0.973957551643252,1
0.754724035272375,0.239383584586903,0
0.588706381851807,0.693272339412943,1
0.36689807055518,0.138164390577003,1
0.509391026105732,0.398025351343676,1
0.144229113589972,0.07655935944058,0
0.266654535662383,0.103389583062381,1
0.173820912605152,0.498461061390117,0
0.896527295233682,0.518659555120394,0
0.562343132682145,0.240543052786961,1
0.342454317957163,0.882971057668328,1
0.283729680348188,0.384983956813812,1
0.747538483235985,0.185652608284727,1
0.562850194750354,0.309922663727775,1
0.565385995432734,0.222049046540633,1
0.633331828983501,0.980601067887619,1
0.962586591951549,0.8375712800771,0
0.768941204063594,0.951460285112262,0
0.761524176690727,0.820368894375861,0
0.152722147526219,0.242519439430907,0
0.367797967977822,0.386082305340096,1
0.913615794153884,0.981714055174962,0
0.496350146830082,0.312948227394372,1
0.0277347269002348,0.147057286463678,0
0.450139385415241,0.392875352641568,1
0.0271877180784941,0.892528852215037,0
0.0182709295768291,0.865683809155598,0
0.871962478850037,0.622015653410926,0
0.955188889289275,0.523373903473839,0
0.892738419119269,0.263581331120804,0
0.856308729154989,0.602049752837047,0
0.123533075442538,0.193618548801169,0
0.22165473876521,0.948597613489255,0
0.690272177569568,0.831282870378345,1
0.648772125830874,0.807677221717313,1
0.0914451922290027,0.832141446415335,0
0.595569584751502,0.888206346426159,1
0.944378237938508,0.170448687626049,0
0.12865765299648,0.957319873617962,0
0.524701888905838,0.7882860226091,1
0.931875708047301,0.37722488027066,0
0.441982066258788,0.78899573511444,1
0.401971613289788,0.459305037744343,1
0.365522500360385,0.220334408106282,1
0.572829977376387,0.566395417787135,1
0.106167400954291,0.015417312271893,0
0.657213832018897,0.676023381296545,1
0.800479157827795,0.440792287932709,0
0.160081139067188,0.30798334418796,0
0.499149806331843,0.349736964097247,1
0.138865772867575,0.589764795498922,0
0.688598210224882,0.299161507980898,1
0.480641926405951,0.239276083419099,1
0.20781287481077,0.928617073688656,0
0.717721335589886,0.638138464186341,1
0.333421071292832,0.514215903123841,1
0.529427384026349,0.171769066248089,1
0.593498748727143,0.676852707052603,1
0.75988901196979,0.408131925389171,0
0.039695909479633,0.519955273484811,0
0.631179952295497,0.917971501126885,1
0.170349805383012,0.930406222585589,0
0.707256585825235,0.365339186042547,1
0.264722274616361,0.750483706127852,1
0.0803224456030875,0.242769369389862,0
0.713207269553095,0.724816750735044,1
0.750814122147858,0.720865129260346,0
0.170225525507703,0.0706388431135565,0
0.214822159614414,0.00137175945565104,0
0.136855290038511,0.63813499128446,0
0.320704787038267,0.540616001933813,1
0.659653313225135,0.796056700870395,1
0.458246603375301,0.581901037832722,1
0.221783839398995,0.473438483197242,0
0.0496916156262159,0.990471806842834,0
0.842967495322227,0.98779289261438,0
0.460355976829305,0.287439983803779,1
0.044669063994661,0.711943498579785,0
0.330020109890029,0.21121245669201,1
0.350482023321092,0.157649674220011,1
0.236220998689532,0.98885626764968,0
0.209322826238349,0.815915524726734,0
0.289584968937561,0.643281249329448,1
0.299830043222755,0.560328715713695,1
0.893524003913626,0.497659838059917,0
0.762660629115999,0.381589834345505,0
0.10402936860919,0.695701513672248,0
0.758669548435137,0.520413066726178,0
0.414733785670251,0.327298829331994,1
0.22103567654267,0.614687064196914,0
0.00671869982033968,0.112941488157958,0
0.0302505425643176,0.596688755787909,0
0.250101836863905,0.779632849618793,1
0.220494979294017,0.532962888246402,0
0.308080991730094,0.535462571308017,1
0.90889258380048,0.483891405863687,0
0.93850277364254,0.460601850412786,0
0.491904604947194,0.798285014461726,1
0.168020266341045,0.0941332171205431,0
0.188894553110003,0.957332332618535,0
0.191555221565068,0.213127457303926,0
0.503481938038021,0.410439887316898,1
0.0811121538281441,0.685232253745198,0
0.794696550583467,0.543606523657218,0
0.571347230114043,0.170642276294529,1
0.968929607188329,0.704795059747994,0
0.87576876883395,0.69129929644987,0
0.705853160005063,0.530790607910603,1
0.115354677662253,0.892910030903295,0
0.160992347402498,0.322110874578357,0
0.335154334548861,0.828251895494759,1
0.988609185442328,0.778160469606519,0
0.914078942500055,0.0919654285535216,0
0.535097180167213,0.952528324909508,1
0.246893692528829,0.550512700108811,0
0.922346818028018,0.818322808947414,0
0.75348961702548,0.503955597057939,0
0.903507313458249,0.70930906641297,0
0.651548156049103,0.817257225280628,1
0.02077916264534,0.109303181990981,0
0.0958790276199579,0.649220370920375,0
0.949586964212358,0.428553195670247,0
0.888176588574424,0.0953637494239956,0
0.45623399131,0.0829450769815594,1
0.786743860924616,0.367546192836016,0
0.201026756782085,0.524591493885964,0
0.312703200615942,0.87016859697178,1
0.529761809390038,0.116104880580679,1
0.182999437209219,0.825036245863885,0
0.532405641162768,0.888213690835983,1
0.348113585729152,0.966419560601935,1
0.51024816185236,0.666787185007706,1
0.792195686371997,0.163362295832485,0
0.441210551187396,0.323950187070295,1
0.286292243981734,0.251191485440359,1
0.933560322737321,0.912704779999331,0
0.0304510646965355,0.354079808108509,0
0.848985600750893,0.373679022537544,0
0.443182719638571,0.840217896504328,1
0.632075233384967,0.13424199144356,1
0.779914357000962,0.540678615681827,0
0.280473912833259,0.515245749149472,1
0.123204056639224,0.930955319199711,0
0.893433186924085,0.771494829794392,0
0.405973301967606,0.712276884587482,1
0.755108230514452,0.0783811616711318,0
0.110817262437195,0.556638094829395,0
0.338309313636273,0.204383614007384,1
0.54649319103919,0.966350478120148,1
0.312132046790794,0.866865219082683,1
0.447294557001442,0.697909626178443,1
0.404281071387231,0.284969256725162,1
0.486564260907471,0.755491845309734,1
0.439168035285547,0.945752282626927,1
0.26686362712644,0.511172922095284,1
0.651877836557105,0.819769541034475,1
0.239049473078921,0.434454224072397,0
0.813315622741356,0.612557278014719,0
0.808244503336027,0.235443977173418,0
0.589044747874141,0.358394808135927,1
0.541866859653965,0.099951108917594,1
0.0465476112440228,0.205979239661247,0
0.425855690613389,0.411826584488153,1
0.640639821300283,0.552064452320337,1
0.000656347954645753,0.510897262021899,0
0.866388360504061,0.584952626610175,0
0.101045170566067,0.966197285335511,0
0.0957397413440049,0.687942784046754,0
0.777240371098742,0.880683780647814,0
0.0295114114414901,0.699070219649002,0
0.342071880353615,0.360803777817637,1
0.786315873963758,0.865609695669264,0
0.113462525652722,0.824795079184696,0
0.350252757081762,0.694308666978031,1
0.330213881796226,0.138885726220906,1
0.696676669642329,0.109096011845395,1
0.353614302352071,0.547681760508567,1
0.40617906791158,0.275610290002078,1
0.308029898675159,0.681451124837622,1
0.959202934522182,0.857900576200336,0
0.690268852747977,0.0448116303887218,1
0.885739511344582,0.259008331922814,0
0.935855139512569,0.883507686899975,0
0.744079901603982,0.764302753144875,1
0.838446156820282,0.245789333013818,0
0.799356783507392,0.36922441329807,0
0.893640292342752,0.035112508572638,0
0.831137002911419,0.900629752315581,0
0.370750101283193,0.106989466119558,1
0.871979765826836,0.458065315382555,0
0.8007615969982,0.0243759397417307,0
0.177284543635324,0.454258652869612,0
0.163277692859992,0.340156275546178,0
0.944489105371758,0.337498784763739,0
0.444637601496652,0.795542377512902,1
0.0783925901632756,0.103645497234538,0
0.985571624245495,0.287208333844319,0
0.0158382183872163,0.533979631727561,0
0.494882507016882,0.109945632517338,1
0.426626244327053,0.542650918476284,1
0.380065433681011,0.369346757652238,1
0.736944383243099,0.976887617493048,1
0.279538352275267,0.502463265554979,1
0.656283871969208,0.0888534137047827,1
0.779726102715358,0.597375417826697,0
0.722052505705506,0.244340439559892,1
0.982406044378877,0.672767472919077,0
0.543322717072442,0.00119535019621253,1
0.659887838643044,0.403221268905327,1
0.275039361324161,0.905664272373542,1
0.396944124717265,0.469537150580436,1
0.55918457871303,0.638627004344016,1
0.980950295459479,0.869291765149683,0
0.964966776082292,0.789763903710991,0
0.218039868399501,0.943032433977351,0
0.393170869676396,0.95000879606232,1
0.871084483806044,0.203874516300857,0
0.6915888634976,0.776445490308106,1
0.336751536931843,0.688361616339535,1
0.690481673926115,0.780065123224631,1
0.153450242243707,0.507410713937134,0
0.890398807590827,0.374180050799623,0
0.888446028809994,0.906740674050525,0
0.138003347441554,0.85309771168977,0
0.0359492159914225,0.823874186724424,0
0.355017149820924,0.19978634826839,1
0.378946078242734,0.859084696276113,1
0.614776698173955,0.520535976625979,1
0.506189440609887,0.381985367974266,1
0.337955133058131,0.938335937680677,1
0.329129653051496,0.851928563322872,1
0.573297038441524,0.86076534143649,1
0.050710043637082,0.760881543392316,0
0.40096298744902,0.00211016973480582,1
0.260631043696776,0.102147887460887,1
0.168699683854356,0.421950838062912,0
0.0597310056909919,0.175646110903472,0
0.0525821361225098,0.804314845707268,0
0.972770247841254,0.915218167006969,0
0.794607590185478,0.27248597657308,0
0.0316677016671747,0.32238034508191,0
0.543284805025905,0.580442614853382,1
0.0175970334094018,0.905861967941746,0
0.776669898070395,0.737272442318499,0
0.757301493315026,0.745031148428097,0
0.0105481466744095,0.642199746333063,0
0.81791408197023,0.142086773179471,0
0.856345876585692,0.488335414789617,0
0.422309697605669,0.294948109425604,1
0.63429570524022,0.152984691550955,1
0.418075025547296,0.0972488336265087,1
0.324664350133389,0.616789900930598,1
0.765787225915119,0.575436916900799,0
0.704655513167381,0.161891269497573,1
0.919051357079297,0.000200380804017186,0
0.610136551316828,0.22827615425922,1
0.0558548604603857,0.887128468137234,0
0.736152135068551,0.80205195909366,1
0.903967918362468,0.614429908571765,0
0.701814879896119,0.790953235235065,1
0.57769950828515,0.792398263933137,1
0.565839251037687,0.539760183775797,1
0.367175505962223,0.412024363875389,1
0.55692170956172,0.754332973156124,1
0.897090169833973,0.924332350026816,0
0.272230607224628,0.499041082570329,1
0.826333165401593,0.575192282907665,0
0.675995662575588,0.218929399736226,1
0.899366909172386,0.163151563378051,0
0.296659813495353,0.882635509828106,1
0.385464416816831,0.468794243177399,1
0.905349676962942,0.0191966097336262,0
0.781176410615444,0.816137185320258,0
0.542550917714834,0.0427573926281184,1
0.616280185990036,0.0740739102475345,1
0.925736116012558,0.47869405685924,0
0.302508435444906,0.471509030088782,1
0.363235213793814,0.282381517579779,1
0.960560950217769,0.212974285008386,0
0.419576285406947,0.618770917411894,1
0.564239503117278,0.0611199960112572,1
0.800476333126426,0.283110707998276,0
0.478194958763197,0.981967779342085,1
0.871663532685488,0.932754263980314,0
0.701587424613535,0.566451138118282,1
0.128366638207808,0.104079345939681,0
0.651633564848453,0.696408494375646,1
0.799508373253047,0.465676786610857,0
0.240165151190013,0.549894462106749,0
0.863995332969353,0.940030203200877,0
0.47879485716112,0.0569106999319047,1
0.32974161580205,0.31745069893077,1
0.995425615925342,0.529113158816472,0
0.759542214451358,0.0458825023379177,0
0.471064956625924,0.911122053861618,1
0.257584369974211,0.967318556038663,1
0.383511227555573,0.915496198926121,1
0.297953611938283,0.587928451132029,1
0.768626284319907,0.302549694431946,0
0.429740472929552,0.424050321336836,1
0.655966898193583,0.93521846528165,1
0.242656880989671,0.193804796319455,0
0.295184599701315,0.933079490205273,1
0.929919361835346,0.321377991233021,0
0.139465735759586,0.792342745698988,0
0.482361179543659,0.871331590460613,1
0.8017257086467,0.952108286088333,0
0.335298122605309,0.354511213721707,1
0.547300927806646,0.844939622096717,1
0.0506137637421489,0.850192850222811,0
0.685184835223481,0.700957418652251,1
0.526016568532214,0.370643947040662,1
0.3854014640674,0.025891336845234,1
0.21807816834189,0.898808127036318,0
0.0492560362908989,0.754371291724965,0
0.338603851385415,0.369364125654101,1
0.52754284045659,0.530422281939536,1
0.360099533572793,0.913974663009867,1
0.991589037002996,0.201155897928402,0
0.04635811294429,0.255641343072057,0
0.0719018939416856,0.440308513352647,0
0.676367230480537,0.745203100377694,1
0.162359612528235,0.159573203884065,0
0.580373792676255,0.728020608657971,1
0.0907658538781106,0.888121803523973,0
0.65609916113317,0.722199343144894,1
0.357506583211944,0.431783507578075,1
0.234025480225682,0.777097366284579,0
0.916430335957557,0.0911084897816181,0
0.0305550002958626,0.0188951850868762,0
0.439074041554704,0.556286503560841,1
0.973690321203321,0.4554931554012,0
0.399140807567164,0.0982805932871997,1
0.919769865693524,0.421556807821617,0
0.0987638756632805,0.0913500778842717,0
0.320667010033503,0.297297141281888,1
